player_id,player_name,week,position,team,opponent,passing_attempts,passing_completions,passing_yards,passing_touchdowns,interceptions,red_zone_passes,red_zone_completions,deep_ball_attempts,pressured_attempts,rushing_attempts,rushing_yards,rushing_touchdowns,season,imported_at
00-0035228,Kyler Murray,1,QB,ARI,BUF,31,21,162,1,0,4,4,4,0,5,57,0,2024,2025-10-22T19:02:21.101146
00-0029604,Kirk Cousins,1,QB,ATL,PIT,26,16,155,1,2,4,3,0,0,1,0,0,2024,2025-10-22T19:02:21.101146
00-0034796,Lamar Jackson,1,QB,BAL,KC,41,26,273,1,0,8,1,5,3,16,122,0,2024,2025-10-22T19:02:21.101146
00-0034857,Josh Allen,1,QB,BUF,ARI,23,18,232,2,0,5,3,2,0,9,39,2,2024,2025-10-22T19:02:21.101146
00-0027973,Andy Dalton,1,QB,CAR,NO,1,0,0,0,0,0,0,0,0,0,0,0,2024,2025-10-22T19:02:21.101146
00-0039150,Bryce Young,1,QB,CAR,NO,30,13,161,0,2,4,0,6,0,4,12,1,2024,2025-10-22T19:02:21.101146
00-0039918,Caleb Williams,1,QB,CHI,TEN,29,14,93,0,0,3,1,4,1,5,15,0,2024,2025-10-22T19:02:21.101146
00-0036442,Joe Burrow,1,QB,CIN,NE,29,21,164,0,0,2,1,2,1,4,15,0,2024,2025-10-22T19:02:21.101146
00-0033537,Deshaun Watson,1,QB,CLE,DAL,45,24,169,1,2,6,3,4,3,5,39,0,2024,2025-10-22T19:02:21.101146
00-0033077,Dak Prescott,1,QB,DAL,CLE,32,19,179,1,0,2,1,6,1,1,3,0,2024,2025-10-22T19:02:21.101146
00-0039732,Bo Nix,1,QB,DEN,SEA,42,26,138,0,2,5,3,4,1,5,35,1,2024,2025-10-22T19:02:21.101146
00-0033106,Jared Goff,1,QB,DET,LAR,28,18,217,1,1,6,3,3,1,1,7,0,2024,2025-10-22T19:02:21.101146
00-0036264,Jordan Love,1,QB,GB,PHI,34,17,260,2,1,9,4,7,0,0,0,0,2024,2025-10-22T19:02:21.101146
00-0038128,Malik Willis,1,QB,GB,PHI,1,0,0,0,0,0,0,0,0,0,0,0,2024,2025-10-22T19:02:21.101146
00-0039163,C.J. Stroud,1,QB,HOU,IND,32,24,234,2,0,4,3,4,1,4,13,0,2024,2025-10-22T19:02:21.101146
00-0039164,Anthony Richardson,1,QB,IND,HOU,19,9,212,2,1,2,0,4,1,6,56,1,2024,2025-10-22T19:02:21.101146
00-0036971,Trevor Lawrence,1,QB,JAX,MIA,21,12,162,1,0,2,2,3,0,1,8,0,2024,2025-10-22T19:02:21.101146
00-0033873,Patrick Mahomes,1,QB,KC,BAL,28,20,291,1,1,4,1,2,0,2,3,0,2024,2025-10-22T19:02:21.101146
00-0036355,Justin Herbert,1,QB,LAC,LV,26,17,144,1,0,5,2,1,0,4,6,0,2024,2025-10-22T19:02:21.101146
00-0026498,Matthew Stafford,1,QB,LAR,DET,49,34,317,1,1,7,3,3,0,0,0,0,2024,2025-10-22T19:02:21.101146
00-0035289,Gardner Minshew II,1,QB,LV,LAC,33,25,257,1,1,0,0,2,0,3,5,0,2024,2025-10-22T19:02:21.101146
00-0036212,Tua Tagovailoa,1,QB,MIA,JAX,37,23,338,1,0,4,3,6,0,1,11,0,2024,2025-10-22T19:02:21.101146
00-0034869,Sam Darnold,1,QB,MIN,NYG,24,19,208,2,1,3,3,3,1,3,3,0,2024,2025-10-22T19:02:21.101146
00-0033119,Jacoby Brissett,1,QB,NE,CIN,24,15,121,0,0,4,3,1,1,7,32,0,2024,2025-10-22T19:02:21.101146
00-0031280,Derek Carr,1,QB,NO,CAR,23,19,200,3,0,2,2,4,0,2,13,0,2024,2025-10-22T19:02:21.101146
00-0038998,Jake Haener,1,QB,NO,CAR,1,0,0,0,0,0,0,0,0,0,0,0,2024,2025-10-22T19:02:21.101146
00-0033357,Taysom Hill,1,QB,NO,CAR,0,0,0,0,0,0,0,1,0,5,35,0,2024,2025-10-22T19:02:21.101146
00-0035710,Daniel Jones,1,QB,NYG,MIN,42,22,186,0,2,7,2,1,1,6,15,0,2024,2025-10-22T19:02:21.101146
00-0023459,Aaron Rodgers,1,QB,NYJ,SF,21,13,167,1,1,3,2,2,0,1,-1,0,2024,2025-10-22T19:02:21.101146
00-0028118,Tyrod Taylor,1,QB,NYJ,SF,8,6,36,1,0,3,2,0,0,1,7,0,2024,2025-10-22T19:02:21.101146
00-0036389,Jalen Hurts,1,QB,PHI,GB,34,20,278,2,2,5,2,3,1,13,33,0,2024,2025-10-22T19:02:21.101146
00-0036945,Justin Fields,1,QB,PIT,ATL,23,17,156,0,0,1,1,3,0,14,57,0,2024,2025-10-22T19:02:21.101146
00-0030565,Geno Smith,1,QB,SEA,DEN,25,18,171,1,1,3,1,2,1,4,30,1,2024,2025-10-22T19:02:21.101146
00-0037834,Brock Purdy,1,QB,SF,NYJ,29,19,231,0,0,4,2,5,1,1,11,0,2024,2025-10-22T19:02:21.101146
00-0034855,Baker Mayfield,1,QB,TB,WAS,30,24,289,4,0,5,4,2,0,3,21,0,2024,2025-10-22T19:02:21.101146
00-0039152,Will Levis,1,QB,TEN,CHI,32,19,127,1,2,1,1,4,2,4,36,0,2024,2025-10-22T19:02:21.101146
00-0039910,Jayden Daniels,1,QB,WAS,TB,24,17,184,0,0,1,1,2,0,16,88,2,2024,2025-10-22T19:02:21.101146
00-0032434,Brandon Allen,1,QB,,NYJ,0,0,0,0,0,0,0,0,0,1,-1,0,2024,2025-10-22T19:02:21.101146
00-0033662,Cooper Rush,1,QB,,CLE,0,0,0,0,0,0,0,0,0,1,-1,0,2024,2025-10-22T19:02:21.101146
00-0032436,Jeff Driskel,1,QB,,TB,0,0,0,0,0,0,0,0,0,0,0,0,2024,2025-10-22T19:02:21.101146
00-0036928,Kyle Trask,1,QB,,WAS,0,0,0,0,0,0,0,0,0,2,-2,0,2024,2025-10-22T19:02:21.101146
00-0038582,Clayton Tune,2,QB,ARI,LAR,0,0,0,0,0,0,0,0,0,1,-6,0,2024,2025-10-22T19:02:21.101146
00-0035228,Kyler Murray,2,QB,ARI,LAR,21,17,266,3,0,3,1,6,0,5,59,0,2024,2025-10-22T19:02:21.101146
00-0029604,Kirk Cousins,2,QB,ATL,PHI,29,20,241,2,0,5,2,2,0,4,-1,0,2024,2025-10-22T19:02:21.101146
00-0034796,Lamar Jackson,2,QB,BAL,LV,34,21,247,1,1,1,1,3,0,5,45,0,2024,2025-10-22T19:02:21.101146
00-0034857,Josh Allen,2,QB,BUF,MIA,19,13,139,1,0,2,1,4,0,2,2,0,2024,2025-10-22T19:02:21.101146
00-0033869,Mitchell Trubisky,2,QB,BUF,MIA,0,0,0,0,0,0,0,0,0,2,-2,0,2024,2025-10-22T19:02:21.101146
00-0039150,Bryce Young,2,QB,CAR,LAC,26,18,84,0,1,1,0,0,0,1,6,0,2024,2025-10-22T19:02:21.101146
00-0039918,Caleb Williams,2,QB,CHI,HOU,37,23,174,0,2,1,0,7,1,5,44,0,2024,2025-10-22T19:02:21.101146
00-0036442,Joe Burrow,2,QB,CIN,KC,36,23,258,2,0,10,3,2,1,6,9,0,2024,2025-10-22T19:02:21.101146
00-0033537,Deshaun Watson,2,QB,CLE,JAX,34,22,186,0,0,1,1,3,1,5,20,1,2024,2025-10-22T19:02:21.101146
00-0031503,Jameis Winston,2,QB,CLE,JAX,0,0,0,0,0,0,0,0,0,2,4,0,2024,2025-10-22T19:02:21.101146
00-0033662,Cooper Rush,2,QB,DAL,NO,3,1,6,0,0,0,0,0,0,0,0,0,2024,2025-10-22T19:02:21.101146
00-0033077,Dak Prescott,2,QB,DAL,NO,39,27,293,1,2,4,0,3,0,2,12,0,2024,2025-10-22T19:02:21.101146
00-0039732,Bo Nix,2,QB,DEN,PIT,35,20,246,0,2,5,1,4,2,4,25,0,2024,2025-10-22T19:02:21.101146
00-0033106,Jared Goff,2,QB,DET,TB,55,34,307,0,2,13,9,1,0,2,5,0,2024,2025-10-22T19:02:21.101146
00-0038128,Malik Willis,2,QB,GB,IND,14,12,122,1,0,2,1,1,0,6,41,0,2024,2025-10-22T19:02:21.101146
00-0039163,C.J. Stroud,2,QB,HOU,CHI,36,23,260,1,0,1,1,4,0,1,-1,0,2024,2025-10-22T19:02:21.101146
00-0039164,Anthony Richardson,2,QB,IND,GB,34,17,204,1,3,4,2,6,1,4,37,0,2024,2025-10-22T19:02:21.101146
00-0036971,Trevor Lawrence,2,QB,JAX,CLE,30,14,220,0,0,5,1,9,0,2,45,0,2024,2025-10-22T19:02:21.101146
00-0033873,Patrick Mahomes,2,QB,KC,CIN,25,18,151,2,2,4,3,2,0,4,29,0,2024,2025-10-22T19:02:21.101146
00-0036355,Justin Herbert,2,QB,LAC,CAR,20,14,130,2,1,2,1,3,0,6,18,0,2024,2025-10-22T19:02:21.101146
00-0026498,Matthew Stafford,2,QB,LAR,ARI,27,19,216,0,0,7,3,3,0,0,0,0,2024,2025-10-22T19:02:21.101146
00-0035289,Gardner Minshew II,2,QB,LV,BAL,38,30,276,1,1,6,2,4,0,1,-1,0,2024,2025-10-22T19:02:21.101146
00-0037327,Skylar Thompson,2,QB,MIA,BUF,14,8,80,0,0,5,1,1,0,1,4,0,2024,2025-10-22T19:02:21.101146
00-0036212,Tua Tagovailoa,2,QB,MIA,BUF,25,17,145,1,3,5,3,3,1,2,17,0,2024,2025-10-22T19:02:21.101146
00-0034869,Sam Darnold,2,QB,MIN,SF,26,17,268,2,1,6,5,3,0,5,32,0,2024,2025-10-22T19:02:21.101146
00-0033119,Jacoby Brissett,2,QB,NE,SEA,27,15,149,1,0,6,2,0,2,2,6,0,2024,2025-10-22T19:02:21.101146
00-0031280,Derek Carr,2,QB,NO,DAL,16,11,243,2,1,3,2,3,0,1,1,1,2024,2025-10-22T19:02:21.101146
00-0038998,Jake Haener,2,QB,NO,DAL,0,0,0,0,0,0,0,0,0,3,-3,0,2024,2025-10-22T19:02:21.101146
00-0033357,Taysom Hill,2,QB,NO,DAL,0,0,0,0,0,0,0,0,0,3,18,0,2024,2025-10-22T19:02:21.101146
00-0035710,Daniel Jones,2,QB,NYG,WAS,28,16,178,2,0,4,2,4,0,5,32,0,2024,2025-10-22T19:02:21.101146
00-0023459,Aaron Rodgers,2,QB,NYJ,TEN,30,18,176,2,0,3,1,2,0,2,1,0,2024,2025-10-22T19:02:21.101146
00-0036389,Jalen Hurts,2,QB,PHI,ATL,30,23,183,1,1,8,4,1,0,13,85,1,2024,2025-10-22T19:02:21.101146
00-0036945,Justin Fields,2,QB,PIT,DEN,20,13,117,1,0,4,4,2,1,8,27,0,2024,2025-10-22T19:02:21.101146
00-0030565,Geno Smith,2,QB,SEA,NE,44,33,327,1,0,1,1,6,0,5,8,0,2024,2025-10-22T19:02:21.101146
00-0037834,Brock Purdy,2,QB,SF,MIN,36,28,319,1,1,6,4,4,1,2,12,0,2024,2025-10-22T19:02:21.101146
00-0034855,Baker Mayfield,2,QB,TB,DET,19,12,185,1,1,1,0,2,0,5,34,1,2024,2025-10-22T19:02:21.101146
00-0039152,Will Levis,2,QB,TEN,NYJ,28,19,192,1,1,4,1,5,0,4,38,0,2024,2025-10-22T19:02:21.101146
00-0039910,Jayden Daniels,2,QB,WAS,NYG,29,23,226,0,0,4,0,0,0,10,44,0,2024,2025-10-22T19:02:21.101146
00-0032436,Jeff Driskel,2,QB,WAS,NYG,0,0,0,0,0,0,0,0,0,0,0,0,2024,2025-10-22T19:02:21.101146
00-0035704,Drew Lock,2,QB,,WAS,0,0,0,0,0,0,0,0,0,0,0,0,2024,2025-10-22T19:02:21.101146
00-0035228,Kyler Murray,3,QB,ARI,DET,34,21,207,1,1,1,1,8,1,5,45,0,2024,2025-10-22T19:02:21.101146
00-0029604,Kirk Cousins,3,QB,ATL,KC,29,20,230,1,1,5,3,2,2,1,-1,0,2024,2025-10-22T19:02:21.101146
00-0034796,Lamar Jackson,3,QB,BAL,DAL,15,12,182,1,0,2,2,0,1,14,87,1,2024,2025-10-22T19:02:21.101146
00-0034857,Josh Allen,3,QB,BUF,JAX,30,23,263,4,0,6,4,2,0,6,44,0,2024,2025-10-22T19:02:21.101146
00-0033869,Mitchell Trubisky,3,QB,BUF,JAX,1,1,3,0,0,0,0,0,0,1,-1,0,2024,2025-10-22T19:02:21.101146
00-0027973,Andy Dalton,3,QB,CAR,LV,37,26,319,3,0,7,3,2,1,2,-2,0,2024,2025-10-22T19:02:21.101146
00-0039918,Caleb Williams,3,QB,CHI,IND,52,33,363,2,2,10,7,10,1,1,8,0,2024,2025-10-22T19:02:21.101146
00-0036442,Joe Burrow,3,QB,CIN,WAS,38,29,324,3,0,7,2,3,0,1,4,0,2024,2025-10-22T19:02:21.101146
00-0033537,Deshaun Watson,3,QB,CLE,NYG,37,21,196,2,0,2,2,4,1,4,26,0,2024,2025-10-22T19:02:21.101146
00-0031503,Jameis Winston,3,QB,CLE,NYG,0,0,0,0,0,0,0,0,0,2,1,0,2024,2025-10-22T19:02:21.101146
00-0033077,Dak Prescott,3,QB,DAL,BAL,51,28,379,2,0,6,3,6,2,2,7,1,2024,2025-10-22T19:02:21.101146
00-0039732,Bo Nix,3,QB,DEN,TB,36,25,216,0,0,5,2,3,1,9,47,1,2024,2025-10-22T19:02:21.101146
00-0033106,Jared Goff,3,QB,DET,ARI,23,18,199,2,1,1,1,2,0,3,6,0,2024,2025-10-22T19:02:21.101146
00-0038128,Malik Willis,3,QB,GB,TEN,19,13,202,1,0,1,0,3,0,6,73,1,2024,2025-10-22T19:02:21.101146
00-0039163,C.J. Stroud,3,QB,HOU,MIN,31,20,215,1,2,2,2,5,2,3,12,0,2024,2025-10-22T19:02:21.101146
00-0036898,Davis Mills,3,QB,HOU,MIN,12,7,79,0,0,5,1,0,0,0,0,0,2024,2025-10-22T19:02:21.101146
00-0039164,Anthony Richardson,3,QB,IND,CHI,20,10,167,0,2,1,0,4,1,8,24,0,2024,2025-10-22T19:02:21.101146
00-0036972,Mac Jones,3,QB,JAX,BUF,8,5,22,0,0,4,2,0,0,0,0,0,2024,2025-10-22T19:02:21.101146
00-0036971,Trevor Lawrence,3,QB,JAX,BUF,38,21,178,1,1,3,1,3,0,2,3,0,2024,2025-10-22T19:02:21.101146
00-0033873,Patrick Mahomes,3,QB,KC,ATL,39,26,217,2,1,8,5,3,3,6,17,0,2024,2025-10-22T19:02:21.101146
00-0036355,Justin Herbert,3,QB,LAC,PIT,18,12,125,1,0,1,0,1,0,1,0,0,2024,2025-10-22T19:02:21.101146
00-0031800,Taylor Heinicke,3,QB,LAC,PIT,2,2,24,0,0,0,0,0,0,0,0,0,2024,2025-10-22T19:02:21.101146
00-0026498,Matthew Stafford,3,QB,LAR,SF,25,16,221,1,0,4,1,4,0,0,0,0,2024,2025-10-22T19:02:21.101146
00-0038579,Aidan O'Connell,3,QB,LV,CAR,12,9,82,1,0,3,2,1,0,0,0,0,2024,2025-10-22T19:02:21.101146
00-0035289,Gardner Minshew II,3,QB,LV,CAR,28,18,214,1,1,2,1,2,0,3,14,0,2024,2025-10-22T19:02:21.101146
00-0037327,Skylar Thompson,3,QB,MIA,SEA,19,13,107,0,0,3,2,1,1,0,0,0,2024,2025-10-22T19:02:21.101146
00-0034869,Sam Darnold,3,QB,MIN,HOU,28,17,181,4,0,10,6,2,2,0,0,0,2024,2025-10-22T19:02:21.101146
00-0039851,Drake Maye,3,QB,NE,NYJ,8,4,22,0,0,0,0,0,1,2,12,0,2024,2025-10-22T19:02:21.101146
00-0033119,Jacoby Brissett,3,QB,NE,NYJ,18,12,98,0,0,0,0,3,0,0,0,0,2024,2025-10-22T19:02:21.101146
00-0031280,Derek Carr,3,QB,NO,PHI,25,14,142,1,1,2,1,5,0,2,3,0,2024,2025-10-22T19:02:21.101146
00-0035710,Daniel Jones,3,QB,NYG,CLE,34,24,236,2,0,5,4,4,1,8,20,0,2024,2025-10-22T19:02:21.101146
00-0023459,Aaron Rodgers,3,QB,NYJ,NE,35,27,281,2,0,6,4,3,0,3,18,0,2024,2025-10-22T19:02:21.101146
00-0036389,Jalen Hurts,3,QB,PHI,NO,38,29,311,0,1,2,1,4,0,8,25,0,2024,2025-10-22T19:02:21.101146
00-0036945,Justin Fields,3,QB,PIT,LAC,32,25,245,1,1,3,1,2,1,6,6,1,2024,2025-10-22T19:02:21.101146
00-0030565,Geno Smith,3,QB,SEA,MIA,34,26,289,1,2,0,0,2,1,2,-2,0,2024,2025-10-22T19:02:21.101146
00-0037834,Brock Purdy,3,QB,SF,LAR,30,22,292,3,0,4,4,4,0,10,41,0,2024,2025-10-22T19:02:21.101146
00-0034855,Baker Mayfield,3,QB,TB,DEN,33,25,163,1,1,3,3,0,3,0,0,0,2024,2025-10-22T19:02:21.101146
00-0039152,Will Levis,3,QB,TEN,GB,34,26,260,2,2,4,3,2,0,3,12,0,2024,2025-10-22T19:02:21.101146
00-0039910,Jayden Daniels,3,QB,WAS,CIN,23,21,254,2,0,2,2,4,0,12,39,1,2024,2025-10-22T19:02:21.101146
00-0033319,Nick Mullens,3,QB,,HOU,0,0,0,0,0,0,0,0,0,1,0,0,2024,2025-10-22T19:02:21.101146
00-0034177,Tim Boyle,3,QB,,SEA,13,7,79,0,0,4,1,0,0,1,6,0,2024,2025-10-22T19:02:21.101146
00-0035228,Kyler Murray,4,QB,ARI,WAS,22,16,142,1,0,2,2,1,0,1,3,0,2024,2025-10-22T19:02:21.101146
00-0029604,Kirk Cousins,4,QB,ATL,NO,35,21,238,0,1,0,0,5,0,0,0,0,2024,2025-10-22T19:02:21.101146
00-0034796,Lamar Jackson,4,QB,BAL,BUF,18,13,156,2,0,3,3,4,0,6,54,1,2024,2025-10-22T19:02:21.101146
00-0034857,Josh Allen,4,QB,BUF,BAL,29,16,180,0,0,2,1,8,0,5,21,0,2024,2025-10-22T19:02:21.101146
00-0033869,Mitchell Trubisky,4,QB,BUF,BAL,2,1,2,0,0,0,0,0,0,0,0,0,2024,2025-10-22T19:02:21.101146
00-0027973,Andy Dalton,4,QB,CAR,CIN,40,25,220,2,1,4,3,6,1,3,9,0,2024,2025-10-22T19:02:21.101146
00-0039918,Caleb Williams,4,QB,CHI,LAR,23,17,157,1,0,4,1,2,0,5,12,0,2024,2025-10-22T19:02:21.101146
00-0036442,Joe Burrow,4,QB,CIN,CAR,31,22,232,2,1,7,4,3,0,1,10,0,2024,2025-10-22T19:02:21.101146
00-0033537,Deshaun Watson,4,QB,CLE,LV,32,24,176,1,1,2,2,2,0,8,32,0,2024,2025-10-22T19:02:21.101146
00-0033077,Dak Prescott,4,QB,DAL,NYG,27,22,221,2,0,1,1,0,0,2,-1,0,2024,2025-10-22T19:02:21.101146
00-0039732,Bo Nix,4,QB,DEN,NYJ,25,12,60,1,0,2,1,7,0,5,3,0,2024,2025-10-22T19:02:21.101146
00-0033106,Jared Goff,4,QB,DET,SEA,18,18,292,2,0,4,5,0,0,2,-2,0,2024,2025-10-22T19:02:21.101146
00-0036264,Jordan Love,4,QB,GB,MIN,54,32,389,4,3,9,7,8,1,1,6,0,2024,2025-10-22T19:02:21.101146
00-0039163,C.J. Stroud,4,QB,HOU,JAX,40,27,345,2,0,5,3,2,0,3,17,0,2024,2025-10-22T19:02:21.101146
00-0039164,Anthony Richardson,4,QB,IND,PIT,4,3,71,0,0,1,0,1,0,3,24,0,2024,2025-10-22T19:02:21.101146
00-0026158,Joe Flacco,4,QB,IND,PIT,26,16,168,2,0,6,2,2,0,2,3,0,2024,2025-10-22T19:02:21.101146
00-0036971,Trevor Lawrence,4,QB,JAX,HOU,33,18,169,2,0,3,2,6,1,3,5,0,2024,2025-10-22T19:02:21.101146
00-0033873,Patrick Mahomes,4,QB,KC,LAC,29,19,245,1,1,1,1,2,0,5,12,0,2024,2025-10-22T19:02:21.101146
00-0036355,Justin Herbert,4,QB,LAC,KC,27,16,179,1,0,4,3,5,2,3,0,0,2024,2025-10-22T19:02:21.101146
00-0026498,Matthew Stafford,4,QB,LAR,CHI,29,20,224,0,1,5,2,1,0,1,-1,0,2024,2025-10-22T19:02:21.101146
00-0035289,Gardner Minshew II,4,QB,LV,CLE,24,14,130,0,0,2,1,2,0,2,-2,0,2024,2025-10-22T19:02:21.101146
00-0035993,Tyler Huntley,4,QB,MIA,TEN,22,14,96,0,0,1,1,3,1,8,40,1,2024,2025-10-22T19:02:21.101146
00-0034869,Sam Darnold,4,QB,MIN,GB,28,20,275,3,1,6,4,5,0,7,15,0,2024,2025-10-22T19:02:21.101146
00-0033119,Jacoby Brissett,4,QB,NE,SF,32,19,168,1,1,3,3,2,3,2,3,0,2024,2025-10-22T19:02:21.101146
00-0031280,Derek Carr,4,QB,NO,ATL,36,28,239,0,1,6,3,2,0,3,5,0,2024,2025-10-22T19:02:21.101146
00-0033357,Taysom Hill,4,QB,NO,ATL,0,0,0,0,0,0,0,0,0,6,24,2,2024,2025-10-22T19:02:21.101146
00-0035710,Daniel Jones,4,QB,NYG,DAL,40,29,281,0,1,3,2,7,0,4,3,0,2024,2025-10-22T19:02:21.101146
00-0023459,Aaron Rodgers,4,QB,NYJ,DEN,42,24,225,0,0,1,0,7,0,5,26,0,2024,2025-10-22T19:02:21.101146
00-0036389,Jalen Hurts,4,QB,PHI,TB,30,18,158,1,0,2,2,4,1,8,20,1,2024,2025-10-22T19:02:21.101146
00-0036945,Justin Fields,4,QB,PIT,IND,34,22,312,1,0,8,4,4,0,10,55,2,2024,2025-10-22T19:02:21.101146
00-0030565,Geno Smith,4,QB,SEA,DET,56,38,395,1,1,7,2,3,0,5,38,0,2024,2025-10-22T19:02:21.101146
00-0037834,Brock Purdy,4,QB,SF,NE,27,15,288,1,1,6,3,6,1,5,11,0,2024,2025-10-22T19:02:21.101146
00-0034855,Baker Mayfield,4,QB,TB,PHI,47,30,347,2,0,7,5,5,0,4,10,1,2024,2025-10-22T19:02:21.101146
00-0034771,Mason Rudolph,4,QB,TEN,MIA,17,9,85,0,0,1,0,1,0,0,0,0,2024,2025-10-22T19:02:21.101146
00-0039152,Will Levis,4,QB,TEN,MIA,4,3,25,0,1,0,0,0,0,2,5,0,2024,2025-10-22T19:02:21.101146
00-0039910,Jayden Daniels,4,QB,WAS,ARI,30,26,233,1,1,2,2,2,0,8,47,1,2024,2025-10-22T19:02:21.101146
00-0037077,Sam Howell,4,QB,,DET,0,0,0,0,0,0,0,0,0,0,0,0,2024,2025-10-22T19:02:21.101146
00-0035228,Kyler Murray,5,QB,ARI,SF,30,19,195,1,1,4,2,4,0,7,83,1,2024,2025-10-22T19:02:21.101146
00-0029604,Kirk Cousins,5,QB,ATL,TB,58,42,509,4,1,2,2,5,1,0,0,0,2024,2025-10-22T19:02:21.101146
00-0034796,Lamar Jackson,5,QB,BAL,CIN,42,26,348,4,0,6,6,4,4,12,55,0,2024,2025-10-22T19:02:21.101146
00-0034857,Josh Allen,5,QB,BUF,HOU,30,9,131,1,0,3,0,5,3,4,54,0,2024,2025-10-22T19:02:21.101146
00-0033869,Mitchell Trubisky,5,QB,BUF,HOU,0,0,0,0,0,0,0,0,0,0,0,0,2024,2025-10-22T19:02:21.101146
00-0027973,Andy Dalton,5,QB,CAR,CHI,28,18,136,0,1,2,0,2,0,1,3,0,2024,2025-10-22T19:02:21.101146
00-0039150,Bryce Young,5,QB,CAR,CHI,7,4,58,0,0,2,1,1,0,1,8,0,2024,2025-10-22T19:02:21.101146
00-0039918,Caleb Williams,5,QB,CHI,CAR,29,20,304,2,0,5,1,3,0,5,34,0,2024,2025-10-22T19:02:21.101146
00-0036442,Joe Burrow,5,QB,CIN,BAL,39,30,392,5,1,4,4,3,1,2,1,0,2024,2025-10-22T19:02:21.101146
00-0033537,Deshaun Watson,5,QB,CLE,WAS,28,15,125,1,0,4,2,3,0,3,14,0,2024,2025-10-22T19:02:21.101146
00-0031503,Jameis Winston,5,QB,CLE,WAS,1,1,16,0,0,0,0,0,0,1,-3,0,2024,2025-10-22T19:02:21.101146
00-0033077,Dak Prescott,5,QB,DAL,PIT,42,29,352,2,2,5,2,5,1,1,3,0,2024,2025-10-22T19:02:21.101146
00-0039732,Bo Nix,5,QB,DEN,LV,27,19,206,2,0,2,2,4,0,8,9,1,2024,2025-10-22T19:02:21.101146
00-0036264,Jordan Love,5,QB,GB,LAR,26,15,224,2,1,1,1,3,0,3,10,0,2024,2025-10-22T19:02:21.101146
00-0039163,C.J. Stroud,5,QB,HOU,BUF,38,28,331,1,1,0,0,1,1,3,27,0,2024,2025-10-22T19:02:21.101146
00-0026158,Joe Flacco,5,QB,IND,JAX,44,33,359,3,0,10,6,5,1,3,22,0,2024,2025-10-22T19:02:21.101146
00-0036971,Trevor Lawrence,5,QB,JAX,IND,34,28,371,2,1,4,4,3,0,2,4,0,2024,2025-10-22T19:02:21.101146
00-0033873,Patrick Mahomes,5,QB,KC,NO,39,28,331,0,1,11,7,1,1,6,22,0,2024,2025-10-22T19:02:21.101146
00-0026498,Matthew Stafford,5,QB,LAR,GB,45,29,260,1,1,4,2,7,0,0,0,0,2024,2025-10-22T19:02:21.101146
00-0038579,Aidan O'Connell,5,QB,LV,DEN,20,10,94,0,1,3,2,3,0,0,0,0,2024,2025-10-22T19:02:21.101146
00-0035289,Gardner Minshew II,5,QB,LV,DEN,17,12,137,1,2,2,1,4,0,2,22,0,2024,2025-10-22T19:02:21.101146
00-0035993,Tyler Huntley,5,QB,MIA,NE,31,18,194,0,1,3,0,3,0,3,7,0,2024,2025-10-22T19:02:21.101146
00-0033319,Nick Mullens,5,QB,MIN,NYJ,1,1,24,0,0,0,0,0,0,0,0,0,2024,2025-10-22T19:02:21.101146
00-0034869,Sam Darnold,5,QB,MIN,NYJ,31,14,179,0,1,0,0,0,0,5,11,0,2024,2025-10-22T19:02:21.101146
00-0033119,Jacoby Brissett,5,QB,NE,MIA,34,18,160,0,0,8,2,5,0,1,10,0,2024,2025-10-22T19:02:21.101146
00-0031280,Derek Carr,5,QB,NO,KC,28,18,165,2,1,1,1,7,0,0,0,0,2024,2025-10-22T19:02:21.101146
00-0038998,Jake Haener,5,QB,NO,KC,7,2,17,0,0,0,0,1,1,2,11,0,2024,2025-10-22T19:02:21.101146
00-0035710,Daniel Jones,5,QB,NYG,SEA,34,23,257,2,0,6,2,2,1,11,38,0,2024,2025-10-22T19:02:21.101146
00-0023459,Aaron Rodgers,5,QB,NYJ,MIN,54,29,244,2,3,0,0,0,0,0,0,0,2024,2025-10-22T19:02:21.101146
00-0036945,Justin Fields,5,QB,PIT,DAL,27,15,131,2,0,3,3,7,1,6,27,0,2024,2025-10-22T19:02:21.101146
00-0034577,Kyle Allen,5,QB,PIT,DAL,1,1,19,0,0,0,0,0,0,0,0,0,2024,2025-10-22T19:02:21.101146
00-0030565,Geno Smith,5,QB,SEA,NYG,40,28,284,1,0,5,3,4,1,4,72,0,2024,2025-10-22T19:02:21.101146
00-0037834,Brock Purdy,5,QB,SF,ARI,35,19,244,1,2,13,7,1,1,4,33,0,2024,2025-10-22T19:02:21.101146
00-0034855,Baker Mayfield,5,QB,TB,ATL,24,19,180,3,0,6,6,2,0,6,42,0,2024,2025-10-22T19:02:21.101146
00-0039910,Jayden Daniels,5,QB,WAS,CLE,25,14,238,1,1,5,1,5,0,11,82,0,2024,2025-10-22T19:02:21.101146
00-0032268,Marcus Mariota,5,QB,WAS,CLE,3,1,-2,0,0,0,0,0,0,2,2,0,2024,2025-10-22T19:02:21.101146
00-0038416,Tyson Bagent,5,QB,,CAR,0,0,0,0,0,0,0,0,0,3,-4,0,2024,2025-10-22T19:02:21.101146
00-0035228,Kyler Murray,6,QB,ARI,GB,32,22,214,1,0,3,2,2,0,7,14,0,2024,2025-10-22T19:02:21.101146
00-0029604,Kirk Cousins,6,QB,ATL,CAR,30,19,225,1,0,8,4,0,1,4,-5,0,2024,2025-10-22T19:02:21.101146
00-0034796,Lamar Jackson,6,QB,BAL,WAS,26,20,323,1,1,5,2,2,0,11,40,0,2024,2025-10-22T19:02:21.101146
00-0034857,Josh Allen,6,QB,BUF,NYJ,25,19,215,2,0,4,2,4,0,9,18,1,2024,2025-10-22T19:02:21.101146
00-0027973,Andy Dalton,6,QB,CAR,ATL,38,26,221,2,2,9,6,1,0,3,21,0,2024,2025-10-22T19:02:21.101146
00-0039918,Caleb Williams,6,QB,CHI,JAX,29,23,226,4,1,6,5,1,0,4,56,0,2024,2025-10-22T19:02:21.101146
00-0036442,Joe Burrow,6,QB,CIN,NYG,28,19,208,0,0,4,3,2,1,4,55,1,2024,2025-10-22T19:02:21.101146
00-0033537,Deshaun Watson,6,QB,CLE,PHI,23,16,168,0,0,3,1,2,0,4,17,0,2024,2025-10-22T19:02:21.101146
00-0031503,Jameis Winston,6,QB,CLE,PHI,0,0,0,0,0,0,0,0,0,0,0,0,2024,2025-10-22T19:02:21.101146
00-0033662,Cooper Rush,6,QB,DAL,DET,11,8,46,0,1,4,1,0,0,1,2,0,2024,2025-10-22T19:02:21.101146
00-0033077,Dak Prescott,6,QB,DAL,DET,33,17,178,0,2,5,2,4,1,1,1,0,2024,2025-10-22T19:02:21.101146
00-0039732,Bo Nix,6,QB,DEN,LAC,33,19,216,2,1,2,2,6,1,6,61,0,2024,2025-10-22T19:02:21.101146
00-0038550,Hendon Hooker,6,QB,DET,DAL,2,1,19,0,0,0,0,0,0,1,-1,0,2024,2025-10-22T19:02:21.101146
00-0033106,Jared Goff,6,QB,DET,DAL,25,18,315,3,0,5,4,6,0,3,5,0,2024,2025-10-22T19:02:21.101146
00-0036264,Jordan Love,6,QB,GB,ARI,32,22,258,4,1,6,4,2,1,5,13,0,2024,2025-10-22T19:02:21.101146
00-0039163,C.J. Stroud,6,QB,HOU,NE,31,20,192,3,1,5,4,6,1,3,7,0,2024,2025-10-22T19:02:21.101146
00-0036898,Davis Mills,6,QB,HOU,NE,1,0,0,0,0,0,0,0,0,0,0,0,2024,2025-10-22T19:02:21.101146
00-0026158,Joe Flacco,6,QB,IND,TEN,38,22,189,2,1,8,5,8,0,1,1,0,2024,2025-10-22T19:02:21.101146
00-0036972,Mac Jones,6,QB,JAX,CHI,1,1,6,0,0,0,0,0,0,0,0,0,2024,2025-10-22T19:02:21.101146
00-0036971,Trevor Lawrence,6,QB,JAX,CHI,35,23,234,2,1,9,2,5,0,4,17,0,2024,2025-10-22T19:02:21.101146
00-0036355,Justin Herbert,6,QB,LAC,DEN,34,21,237,1,0,9,5,3,0,4,2,0,2024,2025-10-22T19:02:21.101146
00-0038579,Aidan O'Connell,6,QB,LV,PIT,40,27,227,1,1,5,3,4,2,0,0,0,2024,2025-10-22T19:02:21.101146
00-0039851,Drake Maye,6,QB,NE,HOU,33,20,243,3,2,2,2,3,1,5,38,0,2024,2025-10-22T19:02:21.101146
00-0039376,Spencer Rattler,6,QB,NO,TB,40,22,243,1,2,2,2,6,2,4,27,0,2024,2025-10-22T19:02:21.101146
00-0035710,Daniel Jones,6,QB,NYG,CIN,41,22,205,0,1,1,0,4,1,11,56,0,2024,2025-10-22T19:02:21.101146
00-0023459,Aaron Rodgers,6,QB,NYJ,BUF,35,23,294,2,1,9,4,4,1,0,0,0,2024,2025-10-22T19:02:21.101146
00-0036389,Jalen Hurts,6,QB,PHI,CLE,25,16,264,2,0,0,0,5,0,14,33,0,2024,2025-10-22T19:02:21.101146
00-0036945,Justin Fields,6,QB,PIT,LV,24,14,145,0,0,1,0,3,0,11,59,2,2024,2025-10-22T19:02:21.101146
00-0030565,Geno Smith,6,QB,SEA,SF,52,30,312,1,2,10,4,8,1,1,0,0,2024,2025-10-22T19:02:21.101146
00-0037834,Brock Purdy,6,QB,SF,SEA,28,18,255,3,0,6,3,2,0,4,19,0,2024,2025-10-22T19:02:21.101146
00-0034855,Baker Mayfield,6,QB,TB,NO,36,24,325,4,3,4,2,1,0,3,29,0,2024,2025-10-22T19:02:21.101146
00-0039152,Will Levis,6,QB,TEN,IND,27,16,95,1,1,1,1,4,0,3,15,0,2024,2025-10-22T19:02:21.101146
00-0039910,Jayden Daniels,6,QB,WAS,BAL,35,24,269,2,0,9,6,3,0,6,22,0,2024,2025-10-22T19:02:21.101146
00-0038416,Tyson Bagent,6,QB,,JAX,0,0,0,0,0,0,0,0,0,3,-3,0,2024,2025-10-22T19:02:21.101146
00-0038582,Clayton Tune,7,QB,ARI,LAC,0,0,0,0,0,0,0,0,0,3,2,0,2024,2025-10-22T19:02:21.101146
00-0035228,Kyler Murray,7,QB,ARI,LAC,26,14,145,1,1,2,2,0,0,6,64,1,2024,2025-10-22T19:02:21.101146
00-0029604,Kirk Cousins,7,QB,ATL,SEA,35,24,232,1,2,3,3,6,0,1,-1,0,2024,2025-10-22T19:02:21.101146
00-0039917,Michael Penix Jr.,7,QB,ATL,SEA,1,1,14,0,0,0,0,0,0,0,0,0,2024,2025-10-22T19:02:21.101146
00-0034796,Lamar Jackson,7,QB,BAL,TB,22,17,281,5,0,8,5,2,0,9,52,0,2024,2025-10-22T19:02:21.101146
00-0034857,Josh Allen,7,QB,BUF,TEN,33,21,323,2,0,7,3,2,0,3,1,0,2024,2025-10-22T19:02:21.101146
00-0027973,Andy Dalton,7,QB,CAR,WAS,16,11,93,0,2,1,1,2,0,2,3,0,2024,2025-10-22T19:02:21.101146
00-0039150,Bryce Young,7,QB,CAR,WAS,2,2,-4,0,0,0,0,0,0,0,0,0,2024,2025-10-22T19:02:21.101146
00-0036442,Joe Burrow,7,QB,CIN,CLE,25,15,181,2,0,1,1,4,0,3,-3,0,2024,2025-10-22T19:02:21.101146
00-0033537,Deshaun Watson,7,QB,CLE,CIN,17,15,128,0,0,0,0,0,0,2,0,0,2024,2025-10-22T19:02:21.101146
00-0038583,Dorian Thompson-Robinson,7,QB,CLE,CIN,24,11,82,0,2,1,0,2,1,3,44,0,2024,2025-10-22T19:02:21.101146
00-0031503,Jameis Winston,7,QB,CLE,CIN,11,5,67,1,0,5,2,0,0,0,0,0,2024,2025-10-22T19:02:21.101146
00-0039732,Bo Nix,7,QB,DEN,NO,26,16,164,0,0,3,1,4,0,10,75,0,2024,2025-10-22T19:02:21.101146
00-0033106,Jared Goff,7,QB,DET,MIN,25,22,280,2,0,0,0,4,0,2,-4,0,2024,2025-10-22T19:02:21.101146
00-0036264,Jordan Love,7,QB,GB,HOU,33,24,220,3,2,5,5,6,0,0,0,0,2024,2025-10-22T19:02:21.101146
00-0039163,C.J. Stroud,7,QB,HOU,GB,21,10,86,0,0,3,0,2,0,5,19,0,2024,2025-10-22T19:02:21.101146
00-0039164,Anthony Richardson,7,QB,IND,MIA,24,10,129,0,0,1,0,4,1,14,56,0,2024,2025-10-22T19:02:21.101146
00-0036971,Trevor Lawrence,7,QB,JAX,NE,20,15,193,1,0,4,1,2,0,2,13,0,2024,2025-10-22T19:02:21.101146
00-0032950,Carson Wentz,7,QB,KC,SF,0,0,0,0,0,0,0,0,0,0,0,0,2024,2025-10-22T19:02:21.101146
00-0033873,Patrick Mahomes,7,QB,KC,SF,27,16,154,0,2,3,2,4,0,5,39,1,2024,2025-10-22T19:02:21.101146
00-0036355,Justin Herbert,7,QB,LAC,ARI,39,27,349,0,0,1,0,5,0,2,8,0,2024,2025-10-22T19:02:21.101146
00-0026498,Matthew Stafford,7,QB,LAR,LV,23,14,154,0,1,2,0,1,1,2,-2,0,2024,2025-10-22T19:02:21.101146
00-0038579,Aidan O'Connell,7,QB,LV,LAR,10,6,52,0,0,0,0,2,0,0,0,0,2024,2025-10-22T19:02:21.101146
00-0035289,Gardner Minshew II,7,QB,LV,LAR,34,15,154,0,3,7,1,3,2,1,2,0,2024,2025-10-22T19:02:21.101146
00-0034177,Tim Boyle,7,QB,MIA,IND,13,8,74,0,0,0,0,0,0,1,4,0,2024,2025-10-22T19:02:21.101146
00-0035993,Tyler Huntley,7,QB,MIA,IND,13,7,87,1,0,2,1,2,0,5,20,0,2024,2025-10-22T19:02:21.101146
00-0034869,Sam Darnold,7,QB,MIN,DET,27,22,259,1,1,0,0,2,0,4,39,0,2024,2025-10-22T19:02:21.101146
00-0039851,Drake Maye,7,QB,NE,JAX,37,26,276,2,0,3,1,5,1,3,18,0,2024,2025-10-22T19:02:21.101146
00-0038998,Jake Haener,7,QB,NO,DEN,4,3,38,1,0,1,1,0,0,0,0,0,2024,2025-10-22T19:02:21.101146
00-0039376,Spencer Rattler,7,QB,NO,DEN,35,25,172,0,0,0,0,5,0,5,34,0,2024,2025-10-22T19:02:21.101146
00-0035710,Daniel Jones,7,QB,NYG,PHI,21,14,99,0,0,2,1,1,0,5,20,0,2024,2025-10-22T19:02:21.101146
00-0035704,Drew Lock,7,QB,NYG,PHI,8,3,6,0,0,0,0,3,0,1,13,0,2024,2025-10-22T19:02:21.101146
00-0023459,Aaron Rodgers,7,QB,NYJ,PIT,39,24,276,1,2,5,1,2,0,0,0,0,2024,2025-10-22T19:02:21.101146
00-0036389,Jalen Hurts,7,QB,PHI,NYG,14,10,114,1,0,1,0,2,0,7,22,2,2024,2025-10-22T19:02:21.101146
00-0038102,Kenny Pickett,7,QB,PHI,NYG,1,0,0,0,0,0,0,0,0,0,0,0,2024,2025-10-22T19:02:21.101146
00-0029263,Russell Wilson,7,QB,PIT,NYJ,29,16,264,2,0,7,2,3,1,3,3,1,2024,2025-10-22T19:02:21.101146
00-0030565,Geno Smith,7,QB,SEA,ATL,28,18,207,2,0,4,2,8,2,4,15,0,2024,2025-10-22T19:02:21.101146
00-0037077,Sam Howell,7,QB,SEA,ATL,0,0,0,0,0,0,0,0,0,0,0,0,2024,2025-10-22T19:02:21.101146
00-0037834,Brock Purdy,7,QB,SF,KC,31,17,212,0,3,6,4,4,2,8,27,2,2024,2025-10-22T19:02:21.101146
00-0034855,Baker Mayfield,7,QB,TB,BAL,45,31,370,3,2,7,5,9,0,5,22,0,2024,2025-10-22T19:02:21.101146
00-0034771,Mason Rudolph,7,QB,TEN,BUF,40,25,215,1,1,5,4,3,3,5,13,0,2024,2025-10-22T19:02:21.101146
00-0039910,Jayden Daniels,7,QB,WAS,CAR,2,2,6,0,0,2,2,0,0,3,50,0,2024,2025-10-22T19:02:21.101146
00-0032268,Marcus Mariota,7,QB,WAS,CAR,23,18,205,2,0,4,4,2,0,11,34,0,2024,2025-10-22T19:02:21.101146
00-0035228,Kyler Murray,8,QB,ARI,MIA,36,26,307,2,0,4,4,4,0,5,19,0,2024,2025-10-22T19:02:21.101146
00-0029604,Kirk Cousins,8,QB,ATL,TB,29,23,276,4,0,1,1,4,1,3,16,0,2024,2025-10-22T19:02:21.101146
00-0034796,Lamar Jackson,8,QB,BAL,CLE,38,23,289,2,0,4,4,8,1,8,46,0,2024,2025-10-22T19:02:21.101146
00-0034857,Josh Allen,8,QB,BUF,SEA,34,24,283,2,1,7,3,7,0,7,25,0,2024,2025-10-22T19:02:21.101146
00-0033869,Mitchell Trubisky,8,QB,BUF,SEA,0,0,0,0,0,0,0,0,0,3,-3,0,2024,2025-10-22T19:02:21.101146
00-0039150,Bryce Young,8,QB,CAR,DEN,37,24,224,2,2,6,5,4,0,3,6,0,2024,2025-10-22T19:02:21.101146
00-0039918,Caleb Williams,8,QB,CHI,WAS,24,10,131,0,0,2,1,6,3,10,41,0,2024,2025-10-22T19:02:21.101146
00-0035100,Jake Browning,8,QB,CIN,PHI,0,0,0,0,0,0,0,0,0,0,0,0,2024,2025-10-22T19:02:21.101146
00-0036442,Joe Burrow,8,QB,CIN,PHI,37,26,234,1,1,9,7,4,0,3,15,0,2024,2025-10-22T19:02:21.101146
00-0031503,Jameis Winston,8,QB,CLE,BAL,41,27,334,3,0,4,2,5,1,2,2,0,2024,2025-10-22T19:02:21.101146
00-0033077,Dak Prescott,8,QB,DAL,SF,38,25,243,2,2,7,6,6,1,1,-1,0,2024,2025-10-22T19:02:21.101146
00-0039732,Bo Nix,8,QB,DEN,CAR,37,28,284,3,0,10,8,5,0,5,4,1,2024,2025-10-22T19:02:21.101146
00-0038550,Hendon Hooker,8,QB,DET,TEN,3,2,6,0,0,0,0,0,0,0,0,0,2024,2025-10-22T19:02:21.101146
00-0033106,Jared Goff,8,QB,DET,TEN,15,12,85,3,0,7,7,1,0,1,1,0,2024,2025-10-22T19:02:21.101146
00-0036264,Jordan Love,8,QB,GB,JAX,22,14,196,0,1,4,1,5,0,1,-1,0,2024,2025-10-22T19:02:21.101146
00-0038128,Malik Willis,8,QB,GB,JAX,5,4,56,1,0,1,1,1,0,4,23,0,2024,2025-10-22T19:02:21.101146
00-0039163,C.J. Stroud,8,QB,HOU,IND,37,25,285,1,0,5,3,4,2,1,-10,0,2024,2025-10-22T19:02:21.101146
00-0039164,Anthony Richardson,8,QB,IND,HOU,32,10,175,1,1,0,0,12,3,6,45,0,2024,2025-10-22T19:02:21.101146
00-0036971,Trevor Lawrence,8,QB,JAX,GB,32,21,308,2,1,3,2,5,0,4,10,1,2024,2025-10-22T19:02:21.101146
00-0033873,Patrick Mahomes,8,QB,KC,LV,38,27,262,2,1,8,6,1,1,6,17,0,2024,2025-10-22T19:02:21.101146
00-0036355,Justin Herbert,8,QB,LAC,NO,32,20,279,2,0,6,4,7,2,4,49,0,2024,2025-10-22T19:02:21.101146
00-0026498,Matthew Stafford,8,QB,LAR,MIN,34,25,279,4,1,4,3,3,0,3,-4,0,2024,2025-10-22T19:02:21.101146
00-0035289,Gardner Minshew II,8,QB,LV,KC,30,24,209,2,0,6,5,1,0,2,6,0,2024,2025-10-22T19:02:21.101146
00-0036212,Tua Tagovailoa,8,QB,MIA,ARI,38,28,234,1,0,6,4,2,1,3,13,0,2024,2025-10-22T19:02:21.101146
00-0034869,Sam Darnold,8,QB,MIN,LAR,25,18,240,2,0,5,3,5,2,3,6,0,2024,2025-10-22T19:02:21.101146
00-0039851,Drake Maye,8,QB,NE,NYJ,6,3,23,0,0,0,0,2,0,3,46,1,2024,2025-10-22T19:02:21.101146
00-0033119,Jacoby Brissett,8,QB,NE,NYJ,24,15,132,0,0,7,5,2,0,3,11,0,2024,2025-10-22T19:02:21.101146
00-0038998,Jake Haener,8,QB,NO,LAC,17,9,122,0,0,4,1,2,0,2,10,0,2024,2025-10-22T19:02:21.101146
00-0039376,Spencer Rattler,8,QB,NO,LAC,24,12,156,0,0,0,0,1,1,0,0,0,2024,2025-10-22T19:02:21.101146
00-0033357,Taysom Hill,8,QB,NO,LAC,1,1,3,0,0,0,0,0,0,4,20,0,2024,2025-10-22T19:02:21.101146
00-0035710,Daniel Jones,8,QB,NYG,PIT,38,24,264,0,1,2,2,7,0,3,1,0,2024,2025-10-22T19:02:21.101146
00-0023459,Aaron Rodgers,8,QB,NYJ,NE,28,17,233,2,0,6,4,5,0,0,0,0,2024,2025-10-22T19:02:21.101146
00-0036389,Jalen Hurts,8,QB,PHI,CIN,20,16,236,1,0,1,1,2,0,10,37,3,2024,2025-10-22T19:02:21.101146
00-0029263,Russell Wilson,8,QB,PIT,NYG,28,20,278,1,0,4,0,4,0,3,7,0,2024,2025-10-22T19:02:21.101146
00-0030565,Geno Smith,8,QB,SEA,BUF,29,21,212,0,1,3,2,0,1,5,16,0,2024,2025-10-22T19:02:21.101146
00-0037834,Brock Purdy,8,QB,SF,DAL,26,18,260,1,0,2,2,3,0,8,56,1,2024,2025-10-22T19:02:21.101146
00-0034855,Baker Mayfield,8,QB,TB,ATL,50,37,330,3,2,5,4,6,0,3,11,0,2024,2025-10-22T19:02:21.101146
00-0034771,Mason Rudolph,8,QB,TEN,DET,38,22,266,1,2,7,3,5,3,4,29,1,2024,2025-10-22T19:02:21.101146
00-0039910,Jayden Daniels,8,QB,WAS,CHI,38,21,326,1,0,4,0,7,0,8,52,0,2024,2025-10-22T19:02:21.101146
00-0026158,Joe Flacco,8,QB,,HOU,0,0,0,0,0,0,0,0,0,0,0,0,2024,2025-10-22T19:02:21.101146
00-0038582,Clayton Tune,9,QB,ARI,CHI,0,0,0,0,0,0,0,0,0,0,0,0,2024,2025-10-22T19:02:21.101146
00-0035228,Kyler Murray,9,QB,ARI,CHI,20,13,154,0,0,4,2,2,0,2,6,0,2024,2025-10-22T19:02:21.101146
00-0029604,Kirk Cousins,9,QB,ATL,DAL,24,19,222,3,0,3,3,1,1,4,-11,0,2024,2025-10-22T19:02:21.101146
00-0034796,Lamar Jackson,9,QB,BAL,DEN,19,16,280,3,0,3,2,5,1,3,4,0,2024,2025-10-22T19:02:21.101146
00-0034857,Josh Allen,9,QB,BUF,MIA,39,25,235,3,1,9,6,1,0,2,7,0,2024,2025-10-22T19:02:21.101146
00-0039150,Bryce Young,9,QB,CAR,NO,26,16,171,1,1,1,1,4,0,4,9,0,2024,2025-10-22T19:02:21.101146
00-0039918,Caleb Williams,9,QB,CHI,ARI,41,22,217,0,0,4,0,7,0,4,5,0,2024,2025-10-22T19:02:21.101146
00-0036442,Joe Burrow,9,QB,CIN,LV,39,27,251,5,1,9,7,4,0,3,11,0,2024,2025-10-22T19:02:21.101146
00-0031503,Jameis Winston,9,QB,CLE,LAC,46,26,235,1,3,4,1,2,1,5,27,0,2024,2025-10-22T19:02:21.101146
00-0033662,Cooper Rush,9,QB,DAL,ATL,25,13,115,1,0,4,2,2,1,1,4,0,2024,2025-10-22T19:02:21.101146
00-0033077,Dak Prescott,9,QB,DAL,ATL,24,18,133,1,0,2,2,1,0,3,30,0,2024,2025-10-22T19:02:21.101146
00-0039732,Bo Nix,9,QB,DEN,BAL,33,19,223,0,1,6,2,6,0,6,36,0,2024,2025-10-22T19:02:21.101146
00-0033106,Jared Goff,9,QB,DET,GB,22,18,145,1,0,4,2,0,0,3,-2,0,2024,2025-10-22T19:02:21.101146
00-0036264,Jordan Love,9,QB,GB,DET,39,23,273,0,1,6,1,8,1,3,0,0,2024,2025-10-22T19:02:21.101146
00-0039163,C.J. Stroud,9,QB,HOU,NYJ,30,11,191,0,0,5,1,11,1,8,59,0,2024,2025-10-22T19:02:21.101146
00-0026158,Joe Flacco,9,QB,IND,MIN,27,16,179,0,1,0,0,1,0,2,-1,0,2024,2025-10-22T19:02:21.101146
00-0036971,Trevor Lawrence,9,QB,JAX,PHI,31,16,169,0,2,3,1,3,1,5,8,2,2024,2025-10-22T19:02:21.101146
00-0033873,Patrick Mahomes,9,QB,KC,TB,44,34,291,3,0,6,6,3,0,2,9,0,2024,2025-10-22T19:02:21.101146
00-0036355,Justin Herbert,9,QB,LAC,CLE,27,18,282,2,0,0,0,5,0,3,2,0,2024,2025-10-22T19:02:21.101146
00-0026498,Matthew Stafford,9,QB,LAR,SEA,44,25,298,2,1,7,3,6,2,1,0,0,2024,2025-10-22T19:02:21.101146
00-0038122,Desmond Ridder,9,QB,LV,CIN,16,11,74,1,0,0,0,1,2,1,2,0,2024,2025-10-22T19:02:21.101146
00-0035289,Gardner Minshew II,9,QB,LV,CIN,17,10,124,0,0,0,0,3,0,1,0,0,2024,2025-10-22T19:02:21.101146
00-0036212,Tua Tagovailoa,9,QB,MIA,BUF,28,25,231,2,0,4,4,2,0,2,3,0,2024,2025-10-22T19:02:21.101146
00-0034869,Sam Darnold,9,QB,MIN,IND,34,28,290,3,2,8,6,2,0,4,14,0,2024,2025-10-22T19:02:21.101146
00-0039851,Drake Maye,9,QB,NE,TEN,41,29,206,1,2,9,6,5,0,8,95,0,2024,2025-10-22T19:02:21.101146
00-0031280,Derek Carr,9,QB,NO,CAR,31,18,236,1,0,5,1,3,0,0,0,0,2024,2025-10-22T19:02:21.101146
00-0033357,Taysom Hill,9,QB,NO,CAR,1,0,0,0,0,0,0,0,0,5,19,1,2024,2025-10-22T19:02:21.101146
00-0035710,Daniel Jones,9,QB,NYG,WAS,26,20,174,2,0,2,2,2,0,7,54,1,2024,2025-10-22T19:02:21.101146
00-0023459,Aaron Rodgers,9,QB,NYJ,HOU,32,22,211,3,0,2,2,5,1,1,-1,0,2024,2025-10-22T19:02:21.101146
00-0036389,Jalen Hurts,9,QB,PHI,JAX,24,18,230,2,0,4,3,5,0,13,67,1,2024,2025-10-22T19:02:21.101146
00-0030565,Geno Smith,9,QB,SEA,LAR,34,21,363,3,3,5,3,7,1,6,16,0,2024,2025-10-22T19:02:21.101146
00-0034855,Baker Mayfield,9,QB,TB,KC,31,23,200,2,0,6,5,0,0,4,20,0,2024,2025-10-22T19:02:21.101146
00-0034771,Mason Rudolph,9,QB,TEN,NE,33,20,240,2,1,4,2,3,0,4,19,0,2024,2025-10-22T19:02:21.101146
00-0039910,Jayden Daniels,9,QB,WAS,NYG,22,15,209,2,0,6,4,2,0,8,35,0,2024,2025-10-22T19:02:21.101146
00-0035100,Jake Browning,9,QB,,LV,0,0,0,0,0,0,0,0,0,1,-1,0,2024,2025-10-22T19:02:21.101146
00-0038582,Clayton Tune,10,QB,ARI,NYJ,0,0,0,0,0,0,0,0,0,1,-1,0,2024,2025-10-22T19:02:21.101146
00-0035228,Kyler Murray,10,QB,ARI,NYJ,24,22,266,1,0,2,1,1,0,3,21,2,2024,2025-10-22T19:02:21.101146
00-0029604,Kirk Cousins,10,QB,ATL,NO,38,23,306,0,1,4,1,6,2,0,0,0,2024,2025-10-22T19:02:21.101146
00-0034796,Lamar Jackson,10,QB,BAL,CIN,33,25,290,4,0,6,5,4,1,7,33,0,2024,2025-10-22T19:02:21.101146
00-0034857,Josh Allen,10,QB,BUF,IND,37,22,280,0,2,2,0,5,1,8,50,1,2024,2025-10-22T19:02:21.101146
00-0039150,Bryce Young,10,QB,CAR,NYG,25,15,126,1,0,4,3,1,1,2,30,0,2024,2025-10-22T19:02:21.101146
00-0039918,Caleb Williams,10,QB,CHI,NE,30,16,120,0,0,1,0,1,0,2,15,0,2024,2025-10-22T19:02:21.101146
00-0036442,Joe Burrow,10,QB,CIN,BAL,56,34,428,4,0,9,5,6,1,2,6,0,2024,2025-10-22T19:02:21.101146
00-0033662,Cooper Rush,10,QB,DAL,PHI,23,13,45,0,0,2,1,4,1,2,2,0,2024,2025-10-22T19:02:21.101146
00-0037012,Trey Lance,10,QB,DAL,PHI,6,4,21,0,1,0,0,1,0,3,17,0,2024,2025-10-22T19:02:21.101146
00-0039732,Bo Nix,10,QB,DEN,KC,30,22,215,2,0,2,2,4,1,3,-5,0,2024,2025-10-22T19:02:21.101146
00-0033106,Jared Goff,10,QB,DET,HOU,30,15,240,2,5,3,2,5,2,1,2,0,2024,2025-10-22T19:02:21.101146
00-0039163,C.J. Stroud,10,QB,HOU,DET,33,19,232,1,2,7,2,1,1,1,5,0,2024,2025-10-22T19:02:21.101146
00-0026158,Joe Flacco,10,QB,IND,BUF,35,26,272,2,3,7,4,3,0,0,0,0,2024,2025-10-22T19:02:21.101146
00-0036972,Mac Jones,10,QB,JAX,MIN,22,14,111,0,2,1,1,1,0,5,8,1,2024,2025-10-22T19:02:21.101146
00-0033873,Patrick Mahomes,10,QB,KC,DEN,42,28,266,1,0,10,5,3,2,3,19,0,2024,2025-10-22T19:02:21.101146
00-0036355,Justin Herbert,10,QB,LAC,TEN,18,14,164,1,0,5,3,2,1,9,32,1,2024,2025-10-22T19:02:21.101146
00-0026498,Matthew Stafford,10,QB,LAR,MIA,46,32,293,0,1,7,2,3,1,1,0,0,2024,2025-10-22T19:02:21.101146
00-0036212,Tua Tagovailoa,10,QB,MIA,LAR,28,20,207,1,1,1,1,1,0,1,-1,0,2024,2025-10-22T19:02:21.101146
00-0034869,Sam Darnold,10,QB,MIN,JAX,38,24,241,0,3,6,2,6,0,7,28,0,2024,2025-10-22T19:02:21.101146
00-0039851,Drake Maye,10,QB,NE,CHI,25,15,184,1,1,4,1,3,1,4,24,0,2024,2025-10-22T19:02:21.101146
00-0031280,Derek Carr,10,QB,NO,ATL,25,16,269,2,0,7,4,3,0,4,17,0,2024,2025-10-22T19:02:21.101146
00-0033357,Taysom Hill,10,QB,NO,ATL,0,0,0,0,0,0,0,0,0,4,14,0,2024,2025-10-22T19:02:21.101146
00-0035710,Daniel Jones,10,QB,NYG,CAR,37,22,190,0,2,1,0,1,0,7,26,1,2024,2025-10-22T19:02:21.101146
00-0023459,Aaron Rodgers,10,QB,NYJ,ARI,35,22,151,0,0,10,4,2,0,0,0,0,2024,2025-10-22T19:02:21.101146
00-0036389,Jalen Hurts,10,QB,PHI,DAL,20,14,202,2,1,6,4,5,0,7,56,2,2024,2025-10-22T19:02:21.101146
00-0038102,Kenny Pickett,10,QB,PHI,DAL,2,1,5,0,0,0,0,0,0,1,1,0,2024,2025-10-22T19:02:21.101146
00-0029263,Russell Wilson,10,QB,PIT,WAS,28,14,195,3,1,4,3,8,0,4,3,0,2024,2025-10-22T19:02:21.101146
00-0037834,Brock Purdy,10,QB,SF,TB,36,25,353,2,0,7,3,0,0,4,17,0,2024,2025-10-22T19:02:21.101146
00-0034855,Baker Mayfield,10,QB,TB,SF,29,18,116,1,0,4,3,2,0,3,3,0,2024,2025-10-22T19:02:21.101146
00-0039152,Will Levis,10,QB,TEN,LAC,23,18,175,2,0,2,1,3,0,5,41,0,2024,2025-10-22T19:02:21.101146
00-0039910,Jayden Daniels,10,QB,WAS,PIT,34,17,202,0,0,4,2,3,1,3,5,0,2024,2025-10-22T19:02:21.101146
00-0033869,Mitchell Trubisky,10,QB,,IND,0,0,0,0,0,0,0,0,0,1,-1,0,2024,2025-10-22T19:02:21.101146
00-0029604,Kirk Cousins,11,QB,ATL,DEN,27,18,173,0,1,0,0,3,0,1,0,0,2024,2025-10-22T19:02:21.101146
00-0039917,Michael Penix Jr.,11,QB,ATL,DEN,4,2,24,0,0,0,0,1,0,0,0,0,2024,2025-10-22T19:02:21.101146
00-0034796,Lamar Jackson,11,QB,BAL,PIT,33,16,207,1,1,1,1,7,3,4,46,0,2024,2025-10-22T19:02:21.101146
00-0034857,Josh Allen,11,QB,BUF,KC,40,27,262,1,1,7,4,8,1,12,55,1,2024,2025-10-22T19:02:21.101146
00-0039918,Caleb Williams,11,QB,CHI,GB,31,23,231,0,0,2,1,4,0,9,70,0,2024,2025-10-22T19:02:21.101146
00-0036442,Joe Burrow,11,QB,CIN,LAC,50,28,356,3,0,12,7,7,1,2,28,0,2024,2025-10-22T19:02:21.101146
00-0038583,Dorian Thompson-Robinson,11,QB,CLE,NO,1,0,0,0,0,0,0,0,0,0,0,0,2024,2025-10-22T19:02:21.101146
00-0031503,Jameis Winston,11,QB,CLE,NO,46,30,395,2,0,5,1,10,3,1,8,0,2024,2025-10-22T19:02:21.101146
00-0033662,Cooper Rush,11,QB,DAL,HOU,55,32,354,1,1,1,0,5,0,2,2,0,2024,2025-10-22T19:02:21.101146
00-0039732,Bo Nix,11,QB,DEN,ATL,33,28,307,4,0,9,8,1,0,2,5,0,2024,2025-10-22T19:02:21.101146
00-0038550,Hendon Hooker,11,QB,DET,JAX,4,3,37,0,0,0,0,1,0,4,3,0,2024,2025-10-22T19:02:21.101146
00-0033106,Jared Goff,11,QB,DET,JAX,29,24,412,4,0,6,5,3,0,4,21,0,2024,2025-10-22T19:02:21.101146
00-0036264,Jordan Love,11,QB,GB,CHI,17,13,261,1,1,2,1,2,0,4,18,1,2024,2025-10-22T19:02:21.101146
00-0039163,C.J. Stroud,11,QB,HOU,DAL,34,23,257,0,1,6,5,2,0,3,26,0,2024,2025-10-22T19:02:21.101146
00-0039164,Anthony Richardson,11,QB,IND,NYJ,30,20,272,1,0,2,2,6,0,10,32,2,2024,2025-10-22T19:02:21.101146
00-0036972,Mac Jones,11,QB,JAX,DET,29,17,138,0,1,0,0,7,0,2,7,0,2024,2025-10-22T19:02:21.101146
00-0033873,Patrick Mahomes,11,QB,KC,BUF,33,23,196,3,2,7,6,4,3,0,0,0,2024,2025-10-22T19:02:21.101146
00-0036355,Justin Herbert,11,QB,LAC,CIN,36,17,297,2,0,3,0,8,0,5,65,0,2024,2025-10-22T19:02:21.101146
00-0026498,Matthew Stafford,11,QB,LAR,NE,27,18,295,4,0,6,4,6,0,4,0,0,2024,2025-10-22T19:02:21.101146
00-0035289,Gardner Minshew II,11,QB,LV,MIA,43,30,282,2,1,7,3,1,0,2,7,0,2024,2025-10-22T19:02:21.101146
00-0036212,Tua Tagovailoa,11,QB,MIA,LV,36,28,288,3,0,9,6,1,0,0,0,0,2024,2025-10-22T19:02:21.101146
00-0034869,Sam Darnold,11,QB,MIN,TEN,32,20,246,2,0,5,4,5,0,8,18,1,2024,2025-10-22T19:02:21.101146
00-0039851,Drake Maye,11,QB,NE,LAR,40,30,282,2,1,7,5,2,0,3,27,0,2024,2025-10-22T19:02:21.101146
00-0031280,Derek Carr,11,QB,NO,CLE,27,21,248,2,0,3,3,3,0,1,8,0,2024,2025-10-22T19:02:21.101146
00-0033357,Taysom Hill,11,QB,NO,CLE,2,1,18,0,1,0,0,1,0,7,138,3,2024,2025-10-22T19:02:21.101146
00-0023459,Aaron Rodgers,11,QB,NYJ,IND,29,22,184,2,0,1,1,1,1,1,7,0,2024,2025-10-22T19:02:21.101146
00-0036389,Jalen Hurts,11,QB,PHI,WAS,28,18,221,0,0,4,1,1,0,10,39,1,2024,2025-10-22T19:02:21.101146
00-0036945,Justin Fields,11,QB,PIT,BAL,0,0,0,0,0,0,0,0,0,2,17,0,2024,2025-10-22T19:02:21.101146
00-0029263,Russell Wilson,11,QB,PIT,BAL,36,23,205,0,1,9,2,3,0,4,1,0,2024,2025-10-22T19:02:21.101146
00-0030565,Geno Smith,11,QB,SEA,SF,32,25,221,0,1,0,0,4,0,4,29,1,2024,2025-10-22T19:02:21.101146
00-0037834,Brock Purdy,11,QB,SF,SEA,28,21,159,1,1,5,4,0,0,5,40,1,2024,2025-10-22T19:02:21.101146
00-0039152,Will Levis,11,QB,TEN,MIN,31,17,295,1,1,0,0,7,0,7,18,0,2024,2025-10-22T19:02:21.101146
00-0039910,Jayden Daniels,11,QB,WAS,PHI,32,22,191,1,1,5,4,1,0,7,18,0,2024,2025-10-22T19:02:21.101146
00-0038998,Jake Haener,11,QB,,CLE,0,0,0,0,0,0,0,0,0,2,-2,0,2024,2025-10-22T19:02:21.101146
00-0035228,Kyler Murray,12,QB,ARI,SEA,37,24,285,0,1,4,1,4,1,2,9,0,2024,2025-10-22T19:02:21.101146
00-0034796,Lamar Jackson,12,QB,BAL,LAC,22,16,177,2,0,2,1,6,0,8,15,1,2024,2025-10-22T19:02:21.101146
00-0039150,Bryce Young,12,QB,CAR,KC,35,21,263,1,0,12,4,4,0,3,20,0,2024,2025-10-22T19:02:21.101146
00-0039918,Caleb Williams,12,QB,CHI,MIN,47,32,340,2,0,9,7,8,0,6,33,0,2024,2025-10-22T19:02:21.101146
00-0038583,Dorian Thompson-Robinson,12,QB,CLE,PIT,0,0,0,0,0,0,0,0,0,0,0,0,2024,2025-10-22T19:02:21.101146
00-0031503,Jameis Winston,12,QB,CLE,PIT,27,18,219,0,1,2,1,2,1,3,7,1,2024,2025-10-22T19:02:21.101146
00-0033662,Cooper Rush,12,QB,DAL,WAS,32,24,247,2,0,3,2,3,0,4,1,0,2024,2025-10-22T19:02:21.101146
00-0037012,Trey Lance,12,QB,DAL,WAS,0,0,0,0,0,0,0,0,0,1,-3,0,2024,2025-10-22T19:02:21.101146
00-0039732,Bo Nix,12,QB,DEN,LV,42,25,273,2,0,5,3,6,0,1,5,0,2024,2025-10-22T19:02:21.101146
00-0033106,Jared Goff,12,QB,DET,IND,36,26,269,0,0,5,2,2,1,2,0,0,2024,2025-10-22T19:02:21.101146
00-0036264,Jordan Love,12,QB,GB,SF,23,13,163,2,0,3,3,6,1,1,2,0,2024,2025-10-22T19:02:21.101146
00-0038128,Malik Willis,12,QB,GB,SF,0,0,0,0,0,0,0,0,0,0,0,0,2024,2025-10-22T19:02:21.101146
00-0039163,C.J. Stroud,12,QB,HOU,TEN,33,20,247,2,2,5,3,4,0,3,18,0,2024,2025-10-22T19:02:21.101146
00-0039164,Anthony Richardson,12,QB,IND,DET,28,11,172,0,0,3,0,7,1,10,61,0,2024,2025-10-22T19:02:21.101146
00-0033873,Patrick Mahomes,12,QB,KC,CAR,37,27,269,3,0,9,6,3,1,5,60,0,2024,2025-10-22T19:02:21.101146
00-0036355,Justin Herbert,12,QB,LAC,BAL,36,21,218,0,0,2,0,4,0,4,29,1,2024,2025-10-22T19:02:21.101146
00-0026498,Matthew Stafford,12,QB,LAR,PHI,36,24,243,2,0,2,1,2,2,1,15,0,2024,2025-10-22T19:02:21.101146
00-0038122,Desmond Ridder,12,QB,LV,DEN,10,5,64,0,0,5,2,0,0,1,3,0,2024,2025-10-22T19:02:21.101146
00-0035289,Gardner Minshew II,12,QB,LV,DEN,42,25,230,1,1,8,3,2,0,2,5,0,2024,2025-10-22T19:02:21.101146
00-0037327,Skylar Thompson,12,QB,MIA,NE,0,0,0,0,0,0,0,0,0,0,0,0,2024,2025-10-22T19:02:21.101146
00-0036212,Tua Tagovailoa,12,QB,MIA,NE,40,29,317,4,0,10,6,3,0,3,-2,0,2024,2025-10-22T19:02:21.101146
00-0033319,Nick Mullens,12,QB,MIN,CHI,1,1,14,0,0,0,0,0,0,0,0,0,2024,2025-10-22T19:02:21.101146
00-0034869,Sam Darnold,12,QB,MIN,CHI,34,22,330,2,0,5,5,2,0,2,-1,0,2024,2025-10-22T19:02:21.101146
00-0039851,Drake Maye,12,QB,NE,MIA,37,22,222,1,1,0,0,3,1,5,26,0,2024,2025-10-22T19:02:21.101146
00-0035704,Drew Lock,12,QB,NYG,TB,1,1,3,0,0,0,0,0,0,0,0,0,2024,2025-10-22T19:02:21.101146
00-0038476,Tommy Devito,12,QB,NYG,TB,31,21,189,0,0,3,0,1,1,7,32,0,2024,2025-10-22T19:02:21.101146
00-0036389,Jalen Hurts,12,QB,PHI,LAR,22,15,179,1,0,7,4,0,0,12,39,0,2024,2025-10-22T19:02:21.101146
00-0036945,Justin Fields,12,QB,PIT,CLE,1,0,0,0,0,0,0,1,0,3,26,0,2024,2025-10-22T19:02:21.101146
00-0029263,Russell Wilson,12,QB,PIT,CLE,28,21,270,1,0,2,2,7,1,3,10,0,2024,2025-10-22T19:02:21.101146
00-0030565,Geno Smith,12,QB,SEA,ARI,31,22,254,1,1,2,1,3,1,3,2,0,2024,2025-10-22T19:02:21.101146
00-0032434,Brandon Allen,12,QB,SF,GB,29,17,199,1,1,4,3,1,1,2,5,0,2024,2025-10-22T19:02:21.101146
00-0034855,Baker Mayfield,12,QB,TB,NYG,30,24,294,0,0,5,4,3,1,4,29,1,2024,2025-10-22T19:02:21.101146
00-0039152,Will Levis,12,QB,TEN,HOU,24,18,278,2,1,1,0,4,0,8,10,0,2024,2025-10-22T19:02:21.101146
00-0039910,Jayden Daniels,12,QB,WAS,DAL,38,25,275,2,2,2,2,6,0,7,74,1,2024,2025-10-22T19:02:21.101146
00-0038102,Kenny Pickett,12,QB,,LAR,0,0,0,0,0,0,0,0,0,2,-2,0,2024,2025-10-22T19:02:21.101146
00-0035228,Kyler Murray,13,QB,ARI,MIN,45,31,260,1,2,8,6,5,0,7,48,0,2024,2025-10-22T19:02:21.101146
00-0029604,Kirk Cousins,13,QB,ATL,LAC,39,24,245,0,4,6,1,3,1,1,3,0,2024,2025-10-22T19:02:21.101146
00-0034796,Lamar Jackson,13,QB,BAL,PHI,36,23,237,2,0,5,4,8,0,8,79,0,2024,2025-10-22T19:02:21.101146
00-0034857,Josh Allen,13,QB,BUF,SF,17,13,148,2,0,3,2,2,0,3,18,1,2024,2025-10-22T19:02:21.101146
00-0033869,Mitchell Trubisky,13,QB,BUF,SF,1,1,4,0,0,0,0,0,0,4,-3,0,2024,2025-10-22T19:02:21.101146
00-0039150,Bryce Young,13,QB,CAR,TB,46,26,298,1,0,9,4,5,0,3,17,1,2024,2025-10-22T19:02:21.101146
00-0039918,Caleb Williams,13,QB,CHI,DET,39,20,256,3,0,4,3,8,2,4,39,0,2024,2025-10-22T19:02:21.101146
00-0036442,Joe Burrow,13,QB,CIN,PIT,38,28,309,3,1,7,4,2,0,2,9,0,2024,2025-10-22T19:02:21.101146
00-0031503,Jameis Winston,13,QB,CLE,DEN,58,34,497,4,3,7,4,5,3,3,11,0,2024,2025-10-22T19:02:21.101146
00-0033662,Cooper Rush,13,QB,DAL,NYG,36,21,195,1,0,6,3,4,1,5,0,0,2024,2025-10-22T19:02:21.101146
00-0039732,Bo Nix,13,QB,DEN,CLE,35,18,294,1,2,3,2,7,0,3,4,0,2024,2025-10-22T19:02:21.101146
00-0033106,Jared Goff,13,QB,DET,CHI,34,21,221,2,0,9,6,4,1,1,1,0,2024,2025-10-22T19:02:21.101146
00-0036264,Jordan Love,13,QB,GB,MIA,28,21,274,2,0,8,7,3,1,0,0,0,2024,2025-10-22T19:02:21.101146
00-0039163,C.J. Stroud,13,QB,HOU,JAX,34,22,242,1,0,2,1,5,0,5,7,0,2024,2025-10-22T19:02:21.101146
00-0039164,Anthony Richardson,13,QB,IND,NE,24,12,109,2,2,5,4,8,0,9,48,1,2024,2025-10-22T19:02:21.101146
00-0036972,Mac Jones,13,QB,JAX,HOU,32,20,235,2,0,7,3,4,1,3,6,0,2024,2025-10-22T19:02:21.101146
00-0036971,Trevor Lawrence,13,QB,JAX,HOU,10,4,41,0,1,0,0,4,0,1,6,0,2024,2025-10-22T19:02:21.101146
00-0033873,Patrick Mahomes,13,QB,KC,LV,46,26,306,1,0,8,4,6,3,2,4,0,2024,2025-10-22T19:02:21.101146
00-0036355,Justin Herbert,13,QB,LAC,ATL,23,16,147,0,0,2,0,1,0,5,1,0,2024,2025-10-22T19:02:21.101146
00-0026498,Matthew Stafford,13,QB,LAR,NO,24,14,183,2,0,4,1,3,1,4,3,0,2024,2025-10-22T19:02:21.101146
00-0038579,Aidan O'Connell,13,QB,LV,KC,35,23,340,2,0,1,1,5,0,1,0,0,2024,2025-10-22T19:02:21.101146
00-0036212,Tua Tagovailoa,13,QB,MIA,GB,46,37,365,2,0,5,3,2,0,2,6,0,2024,2025-10-22T19:02:21.101146
00-0034869,Sam Darnold,13,QB,MIN,ARI,31,21,235,2,0,8,5,4,0,4,22,0,2024,2025-10-22T19:02:21.101146
00-0039851,Drake Maye,13,QB,NE,IND,30,24,238,1,1,7,5,0,0,5,59,0,2024,2025-10-22T19:02:21.101146
00-0033119,Jacoby Brissett,13,QB,NE,IND,0,0,0,0,0,0,0,0,0,0,0,0,2024,2025-10-22T19:02:21.101146
00-0031280,Derek Carr,13,QB,NO,LAR,37,24,184,1,0,2,1,4,1,2,12,0,2024,2025-10-22T19:02:21.101146
00-0033357,Taysom Hill,13,QB,NO,LAR,0,0,0,0,0,0,0,0,0,5,10,0,2024,2025-10-22T19:02:21.101146
00-0035704,Drew Lock,13,QB,NYG,DAL,32,21,178,0,1,0,0,3,2,4,57,1,2024,2025-10-22T19:02:21.101146
00-0023459,Aaron Rodgers,13,QB,NYJ,SEA,39,21,185,2,1,6,3,7,0,2,6,0,2024,2025-10-22T19:02:21.101146
00-0036389,Jalen Hurts,13,QB,PHI,BAL,19,11,118,1,0,2,1,1,0,9,29,1,2024,2025-10-22T19:02:21.101146
00-0036945,Justin Fields,13,QB,PIT,CIN,0,0,0,0,0,0,0,0,0,1,7,0,2024,2025-10-22T19:02:21.101146
00-0029263,Russell Wilson,13,QB,PIT,CIN,38,29,414,3,1,2,2,3,1,3,3,0,2024,2025-10-22T19:02:21.101146
00-0030565,Geno Smith,13,QB,SEA,NYJ,31,20,206,1,0,6,3,6,1,2,2,0,2024,2025-10-22T19:02:21.101146
00-0037834,Brock Purdy,13,QB,SF,BUF,18,11,94,0,0,2,1,1,0,2,4,0,2024,2025-10-22T19:02:21.101146
00-0034855,Baker Mayfield,13,QB,TB,CAR,33,21,235,1,2,6,3,3,0,3,8,0,2024,2025-10-22T19:02:21.101146
00-0036928,Kyle Trask,13,QB,TB,CAR,1,1,5,0,0,0,0,0,0,0,0,0,2024,2025-10-22T19:02:21.101146
00-0039152,Will Levis,13,QB,TEN,WAS,37,18,212,2,0,2,1,7,1,2,-3,0,2024,2025-10-22T19:02:21.101146
00-0039910,Jayden Daniels,13,QB,WAS,TEN,30,25,206,3,1,5,4,1,1,9,34,1,2024,2025-10-22T19:02:21.101146
00-0035228,Kyler Murray,14,QB,ARI,SEA,38,25,259,2,2,6,1,3,0,3,16,0,2024,2025-10-22T19:02:21.101146
00-0029604,Kirk Cousins,14,QB,ATL,MIN,37,23,344,0,2,6,2,6,2,0,0,0,2024,2025-10-22T19:02:21.101146
00-0034857,Josh Allen,14,QB,BUF,LAR,37,22,342,3,0,2,2,9,0,10,82,3,2024,2025-10-22T19:02:21.101146
00-0039150,Bryce Young,14,QB,CAR,PHI,34,19,191,1,1,4,4,7,0,7,29,0,2024,2025-10-22T19:02:21.101146
00-0039918,Caleb Williams,14,QB,CHI,SF,23,17,134,2,0,3,3,2,0,4,27,0,2024,2025-10-22T19:02:21.101146
00-0036442,Joe Burrow,14,QB,CIN,DAL,44,33,369,3,1,8,4,2,0,2,-2,0,2024,2025-10-22T19:02:21.101146
00-0031503,Jameis Winston,14,QB,CLE,PIT,41,24,212,2,2,3,1,6,1,4,28,0,2024,2025-10-22T19:02:21.101146
00-0033662,Cooper Rush,14,QB,DAL,CIN,31,16,183,2,1,5,2,1,1,2,5,0,2024,2025-10-22T19:02:21.101146
00-0033106,Jared Goff,14,QB,DET,GB,41,32,283,3,1,7,6,1,0,4,7,0,2024,2025-10-22T19:02:21.101146
00-0036264,Jordan Love,14,QB,GB,DET,20,12,206,1,0,8,4,2,1,4,23,0,2024,2025-10-22T19:02:21.101146
00-0036972,Mac Jones,14,QB,JAX,TEN,31,23,220,0,2,2,1,3,1,3,3,0,2024,2025-10-22T19:02:21.101146
00-0033873,Patrick Mahomes,14,QB,KC,LAC,37,24,210,1,0,5,4,3,3,4,17,0,2024,2025-10-22T19:02:21.101146
00-0036355,Justin Herbert,14,QB,LAC,KC,30,21,213,1,0,1,1,5,2,4,12,0,2024,2025-10-22T19:02:21.101146
00-0026498,Matthew Stafford,14,QB,LAR,BUF,30,23,320,2,0,4,3,2,1,0,0,0,2024,2025-10-22T19:02:21.101146
00-0038579,Aidan O'Connell,14,QB,LV,TB,19,11,104,0,1,4,2,4,0,6,6,1,2024,2025-10-22T19:02:21.101146
00-0038122,Desmond Ridder,14,QB,LV,TB,18,12,101,0,0,1,1,2,0,2,3,0,2024,2025-10-22T19:02:21.101146
00-0036212,Tua Tagovailoa,14,QB,MIA,NYJ,47,33,331,2,0,8,7,3,0,1,3,0,2024,2025-10-22T19:02:21.101146
00-0034869,Sam Darnold,14,QB,MIN,ATL,28,22,347,5,0,10,9,5,3,4,7,0,2024,2025-10-22T19:02:21.101146
00-0031280,Derek Carr,14,QB,NO,NYG,31,20,219,1,1,1,1,6,1,2,12,0,2024,2025-10-22T19:02:21.101146
00-0038998,Jake Haener,14,QB,NO,NYG,0,0,0,0,0,0,0,0,0,1,-1,0,2024,2025-10-22T19:02:21.101146
00-0035704,Drew Lock,14,QB,NYG,NO,49,21,227,0,1,4,0,6,3,5,59,0,2024,2025-10-22T19:02:21.101146
00-0038476,Tommy DeVito,14,QB,NYG,NO,0,0,0,0,0,0,0,0,0,0,0,0,2024,2025-10-22T19:02:21.101146
00-0023459,Aaron Rodgers,14,QB,NYJ,MIA,39,27,339,1,0,7,3,3,0,0,0,0,2024,2025-10-22T19:02:21.101146
00-0036389,Jalen Hurts,14,QB,PHI,CAR,21,14,108,2,0,5,5,0,0,8,59,1,2024,2025-10-22T19:02:21.101146
00-0029263,Russell Wilson,14,QB,PIT,CLE,26,15,158,2,0,6,4,5,1,6,17,0,2024,2025-10-22T19:02:21.101146
00-0030565,Geno Smith,14,QB,SEA,ARI,30,24,233,1,0,4,2,2,0,1,0,0,2024,2025-10-22T19:02:21.101146
00-0032434,Brandon Allen,14,QB,SF,CHI,1,0,0,0,1,0,0,1,0,0,0,0,2024,2025-10-22T19:02:21.101146
00-0037834,Brock Purdy,14,QB,SF,CHI,25,20,325,2,0,5,5,6,0,5,11,0,2024,2025-10-22T19:02:21.101146
00-0034855,Baker Mayfield,14,QB,TB,LV,29,18,295,3,2,3,2,3,1,2,12,0,2024,2025-10-22T19:02:21.101146
00-0039152,Will Levis,14,QB,TEN,JAX,32,19,168,0,0,7,3,3,0,1,3,0,2024,2025-10-22T19:02:21.101146
00-0033319,Nick Mullens,14,QB,,ATL,0,0,0,0,0,0,0,0,0,2,-2,0,2024,2025-10-22T19:02:21.101146
00-0031800,Taylor Heinicke,14,QB,,KC,0,0,0,0,0,0,0,0,0,1,12,0,2024,2025-10-22T19:02:21.101146
00-0038416,Tyson Bagent,14,QB,,SF,1,1,6,0,0,0,0,0,0,0,0,0,2024,2025-10-22T19:02:21.101146
00-0038582,Clayton Tune,15,QB,ARI,NE,2,2,8,0,0,0,0,0,0,1,-1,0,2024,2025-10-22T19:02:21.101146
00-0035228,Kyler Murray,15,QB,ARI,NE,30,23,224,0,0,4,3,3,0,5,11,0,2024,2025-10-22T19:02:21.101146
00-0029604,Kirk Cousins,15,QB,ATL,LV,17,11,112,1,1,0,0,1,2,3,0,0,2024,2025-10-22T19:02:21.101146
00-0034796,Lamar Jackson,15,QB,BAL,NYG,25,21,290,5,0,2,2,5,0,6,65,0,2024,2025-10-22T19:02:21.101146
00-0034857,Josh Allen,15,QB,BUF,DET,34,23,362,2,0,6,4,7,0,11,68,2,2024,2025-10-22T19:02:21.101146
00-0039150,Bryce Young,15,QB,CAR,DAL,28,19,219,1,2,2,0,3,1,3,12,1,2024,2025-10-22T19:02:21.101146
00-0039918,Caleb Williams,15,QB,CHI,MIN,31,18,191,1,0,7,1,5,0,4,3,0,2024,2025-10-22T19:02:21.101146
00-0038416,Tyson Bagent,15,QB,CHI,MIN,1,1,5,0,0,0,0,0,0,0,0,0,2024,2025-10-22T19:02:21.101146
00-0036442,Joe Burrow,15,QB,CIN,TEN,37,26,271,3,2,10,8,2,2,0,0,0,2024,2025-10-22T19:02:21.101146
00-0038583,Dorian Thompson-Robinson,15,QB,CLE,KC,9,4,18,0,1,0,0,2,0,3,16,0,2024,2025-10-22T19:02:21.101146
00-0031503,Jameis Winston,15,QB,CLE,KC,25,16,146,0,3,0,0,4,0,2,-2,0,2024,2025-10-22T19:02:21.101146
00-0033662,Cooper Rush,15,QB,DAL,CAR,29,18,214,3,0,3,3,2,0,4,5,0,2024,2025-10-22T19:02:21.101146
00-0039732,Bo Nix,15,QB,DEN,IND,33,20,130,3,3,4,3,3,0,8,23,0,2024,2025-10-22T19:02:21.101146
00-0033106,Jared Goff,15,QB,DET,BUF,59,38,494,5,0,12,8,5,1,2,13,0,2024,2025-10-22T19:02:21.101146
00-0036264,Jordan Love,15,QB,GB,SEA,27,20,229,2,0,4,3,6,0,1,4,0,2024,2025-10-22T19:02:21.101146
00-0039163,C.J. Stroud,15,QB,HOU,MIA,26,18,131,2,0,3,2,2,0,6,4,0,2024,2025-10-22T19:02:21.101146
00-0039164,Anthony Richardson,15,QB,IND,DEN,38,17,172,0,2,3,0,6,1,7,46,1,2024,2025-10-22T19:02:21.101146
00-0036972,Mac Jones,15,QB,JAX,NYJ,46,31,294,2,2,7,4,4,0,4,29,0,2024,2025-10-22T19:02:21.101146
00-0032950,Carson Wentz,15,QB,KC,CLE,2,2,20,0,0,0,0,0,0,3,0,0,2024,2025-10-22T19:02:21.101146
00-0033873,Patrick Mahomes,15,QB,KC,CLE,38,19,159,2,0,5,5,6,1,2,14,0,2024,2025-10-22T19:02:21.101146
00-0036355,Justin Herbert,15,QB,LAC,TB,33,21,195,2,1,4,3,3,0,0,0,0,2024,2025-10-22T19:02:21.101146
00-0031800,Taylor Heinicke,15,QB,LAC,TB,1,1,4,0,0,0,0,0,0,0,0,0,2024,2025-10-22T19:02:21.101146
00-0026498,Matthew Stafford,15,QB,LAR,SF,27,16,160,0,0,3,2,2,0,4,18,0,2024,2025-10-22T19:02:21.101146
00-0038122,Desmond Ridder,15,QB,LV,ATL,39,23,208,1,2,1,1,8,2,5,28,0,2024,2025-10-22T19:02:21.101146
00-0036212,Tua Tagovailoa,15,QB,MIA,HOU,40,29,196,1,3,4,3,1,0,0,0,0,2024,2025-10-22T19:02:21.101146
00-0034869,Sam Darnold,15,QB,MIN,CHI,40,24,231,1,1,7,3,4,1,0,0,0,2024,2025-10-22T19:02:21.101146
00-0039851,Drake Maye,15,QB,NE,ARI,23,19,202,1,1,2,1,3,0,4,14,1,2024,2025-10-22T19:02:21.101146
00-0038998,Jake Haener,15,QB,NO,WAS,10,4,49,0,1,0,0,2,0,1,7,0,2024,2025-10-22T19:02:21.101146
00-0039376,Spencer Rattler,15,QB,NO,WAS,21,10,135,1,0,5,3,4,0,0,0,0,2024,2025-10-22T19:02:21.101146
00-0034177,Tim Boyle,15,QB,NYG,BAL,24,12,123,1,1,3,0,4,1,1,-1,0,2024,2025-10-22T19:02:21.101146
00-0038476,Tommy DeVito,15,QB,NYG,BAL,13,10,68,0,0,0,0,0,0,1,0,0,2024,2025-10-22T19:02:21.101146
00-0023459,Aaron Rodgers,15,QB,NYJ,JAX,30,16,289,3,0,3,3,8,0,6,45,0,2024,2025-10-22T19:02:21.101146
00-0036389,Jalen Hurts,15,QB,PHI,PIT,32,25,290,2,0,6,5,3,1,15,45,1,2024,2025-10-22T19:02:21.101146
00-0036945,Justin Fields,15,QB,PIT,PHI,0,0,0,0,0,0,0,0,0,1,8,0,2024,2025-10-22T19:02:21.101146
00-0029263,Russell Wilson,15,QB,PIT,PHI,22,14,128,1,0,5,3,2,0,4,13,0,2024,2025-10-22T19:02:21.101146
00-0030565,Geno Smith,15,QB,SEA,GB,19,15,149,0,1,3,1,2,1,1,5,0,2024,2025-10-22T19:02:21.101146
00-0037077,Sam Howell,15,QB,SEA,GB,14,5,24,0,1,0,0,1,1,1,2,0,2024,2025-10-22T19:02:21.101146
00-0037834,Brock Purdy,15,QB,SF,LAR,31,14,142,0,1,0,0,8,0,1,3,0,2024,2025-10-22T19:02:21.101146
00-0034855,Baker Mayfield,15,QB,TB,LAC,27,22,288,4,1,4,3,4,0,2,25,0,2024,2025-10-22T19:02:21.101146
00-0036928,Kyle Trask,15,QB,TB,LAC,0,0,0,0,0,0,0,0,0,0,0,0,2024,2025-10-22T19:02:21.101146
00-0034771,Mason Rudolph,15,QB,TEN,CIN,26,21,209,2,1,5,3,1,0,2,14,0,2024,2025-10-22T19:02:21.101146
00-0039152,Will Levis,15,QB,TEN,CIN,12,8,89,0,3,0,0,0,1,2,0,0,2024,2025-10-22T19:02:21.101146
00-0039910,Jayden Daniels,15,QB,WAS,NO,31,25,226,2,0,2,2,5,0,11,66,0,2024,2025-10-22T19:02:21.101146
00-0035228,Kyler Murray,16,QB,ARI,CAR,32,20,202,1,1,4,2,1,0,8,63,1,2024,2025-10-22T19:02:21.101146
00-0039917,Michael Penix Jr.,16,QB,ATL,NYG,27,18,202,0,1,5,3,1,1,4,3,0,2024,2025-10-22T19:02:21.101146
00-0034796,Lamar Jackson,16,QB,BAL,PIT,23,15,207,3,1,5,3,2,1,9,22,0,2024,2025-10-22T19:02:21.101146
00-0034857,Josh Allen,16,QB,BUF,NE,29,16,154,1,1,3,2,6,0,6,30,0,2024,2025-10-22T19:02:21.101146
00-0039150,Bryce Young,16,QB,CAR,ARI,26,17,158,2,0,6,2,2,0,5,68,1,2024,2025-10-22T19:02:21.101146
00-0039918,Caleb Williams,16,QB,CHI,DET,40,26,334,2,0,8,4,8,0,6,34,0,2024,2025-10-22T19:02:21.101146
00-0036442,Joe Burrow,16,QB,CIN,CLE,30,23,252,3,0,5,3,4,0,2,19,0,2024,2025-10-22T19:02:21.101146
00-0038583,Dorian Thompson-Robinson,16,QB,CLE,CIN,34,20,157,0,2,3,1,4,1,9,49,0,2024,2025-10-22T19:02:21.101146
00-0033662,Cooper Rush,16,QB,DAL,TB,35,26,292,1,0,3,2,6,0,3,-4,0,2024,2025-10-22T19:02:21.101146
00-0039732,Bo Nix,16,QB,DEN,LAC,40,29,263,2,0,5,4,2,0,3,25,0,2024,2025-10-22T19:02:21.101146
00-0033106,Jared Goff,16,QB,DET,CHI,32,23,336,3,0,8,3,4,1,1,-1,0,2024,2025-10-22T19:02:21.101146
00-0036264,Jordan Love,16,QB,GB,NO,28,16,182,1,0,3,3,4,0,1,2,0,2024,2025-10-22T19:02:21.101146
00-0038128,Malik Willis,16,QB,GB,NO,2,1,34,0,0,0,0,1,0,3,-2,0,2024,2025-10-22T19:02:21.101146
00-0039163,C.J. Stroud,16,QB,HOU,KC,39,23,244,2,2,6,3,8,1,2,23,0,2024,2025-10-22T19:02:21.101146
00-0039164,Anthony Richardson,16,QB,IND,TEN,11,7,131,1,1,0,0,2,0,9,70,1,2024,2025-10-22T19:02:21.101146
00-0036972,Mac Jones,16,QB,JAX,LV,39,25,247,1,0,0,0,2,1,0,0,0,2024,2025-10-22T19:02:21.101146
00-0033873,Patrick Mahomes,16,QB,KC,HOU,41,28,260,1,0,6,4,4,1,5,33,1,2024,2025-10-22T19:02:21.101146
00-0036355,Justin Herbert,16,QB,LAC,DEN,31,23,284,2,1,1,1,3,0,8,28,0,2024,2025-10-22T19:02:21.101146
00-0026498,Matthew Stafford,16,QB,LAR,NYJ,19,14,110,1,1,4,3,1,1,3,-4,0,2024,2025-10-22T19:02:21.101146
00-0038579,Aidan O'Connell,16,QB,LV,JAX,38,24,257,0,0,1,0,3,0,7,12,0,2024,2025-10-22T19:02:21.101146
00-0036212,Tua Tagovailoa,16,QB,MIA,SF,34,22,215,1,0,3,1,4,0,2,-1,0,2024,2025-10-22T19:02:21.101146
00-0034869,Sam Darnold,16,QB,MIN,SEA,35,22,246,3,0,4,4,3,2,5,11,0,2024,2025-10-22T19:02:21.101146
00-0039851,Drake Maye,16,QB,NE,BUF,36,22,261,2,1,7,1,4,1,6,30,0,2024,2025-10-22T19:02:21.101146
00-0039376,Spencer Rattler,16,QB,NO,GB,30,15,153,0,1,0,0,3,2,5,28,0,2024,2025-10-22T19:02:21.101146
00-0035704,Drew Lock,16,QB,NYG,ATL,39,22,210,1,2,6,3,3,0,1,1,0,2024,2025-10-22T19:02:21.101146
00-0023459,Aaron Rodgers,16,QB,NYJ,LAR,42,28,256,1,0,7,3,1,0,1,6,0,2024,2025-10-22T19:02:21.101146
00-0036389,Jalen Hurts,16,QB,PHI,WAS,4,1,11,0,0,0,0,1,1,3,41,0,2024,2025-10-22T19:02:21.101146
00-0038102,Kenny Pickett,16,QB,PHI,WAS,24,14,143,1,1,3,2,2,0,3,13,0,2024,2025-10-22T19:02:21.101146
00-0029263,Russell Wilson,16,QB,PIT,BAL,33,22,217,2,1,2,2,3,0,3,27,0,2024,2025-10-22T19:02:21.101146
00-0030565,Geno Smith,16,QB,SEA,MIN,43,31,314,3,2,2,2,5,0,1,8,0,2024,2025-10-22T19:02:21.101146
00-0037834,Brock Purdy,16,QB,SF,MIA,40,26,313,2,1,9,5,1,1,4,26,0,2024,2025-10-22T19:02:21.101146
00-0034855,Baker Mayfield,16,QB,TB,DAL,43,31,303,2,1,4,3,7,0,3,42,0,2024,2025-10-22T19:02:21.101146
00-0034771,Mason Rudolph,16,QB,TEN,IND,34,23,252,2,3,3,3,4,2,4,3,0,2024,2025-10-22T19:02:21.101146
00-0039910,Jayden Daniels,16,QB,WAS,PHI,39,24,258,5,2,7,5,4,0,9,81,0,2024,2025-10-22T19:02:21.101146
00-0035100,Jake Browning,16,QB,,CLE,0,0,0,0,0,0,0,0,0,1,-1,0,2024,2025-10-22T19:02:21.101146
00-0035228,Kyler Murray,17,QB,ARI,LAR,48,33,321,1,2,9,5,5,1,4,32,0,2024,2025-10-22T19:02:21.101146
00-0039917,Michael Penix Jr.,17,QB,ATL,WAS,35,19,223,1,1,3,1,9,1,2,3,0,2024,2025-10-22T19:02:21.101146
00-0034796,Lamar Jackson,17,QB,BAL,HOU,15,10,168,2,0,2,2,2,0,4,87,1,2024,2025-10-22T19:02:21.101146
00-0034857,Josh Allen,17,QB,BUF,NYJ,27,16,182,2,0,4,2,3,1,5,17,1,2024,2025-10-22T19:02:21.101146
00-0033869,Mitchell Trubisky,17,QB,BUF,NYJ,1,1,69,1,0,0,0,0,0,2,-1,0,2024,2025-10-22T19:02:21.101146
00-0039150,Bryce Young,17,QB,CAR,TB,28,15,203,2,0,1,1,6,0,2,8,0,2024,2025-10-22T19:02:21.101146
00-0039918,Caleb Williams,17,QB,CHI,SEA,28,16,122,0,1,2,0,4,1,5,37,0,2024,2025-10-22T19:02:21.101146
00-0036442,Joe Burrow,17,QB,CIN,DEN,49,39,412,3,0,13,7,2,0,4,25,1,2024,2025-10-22T19:02:21.101146
00-0038583,Dorian Thompson-Robinson,17,QB,CLE,MIA,47,24,170,0,1,7,1,1,2,4,10,0,2024,2025-10-22T19:02:21.101146
00-0033662,Cooper Rush,17,QB,DAL,PHI,28,15,147,1,2,2,1,5,0,1,2,0,2024,2025-10-22T19:02:21.101146
00-0037012,Trey Lance,17,QB,DAL,PHI,1,1,1,0,0,0,0,0,0,1,1,0,2024,2025-10-22T19:02:21.101146
00-0039732,Bo Nix,17,QB,DEN,CIN,31,24,219,3,1,2,1,4,0,7,31,0,2024,2025-10-22T19:02:21.101146
00-0033106,Jared Goff,17,QB,DET,SF,34,26,303,3,0,8,4,1,0,3,-3,0,2024,2025-10-22T19:02:21.101146
00-0036264,Jordan Love,17,QB,GB,MIN,30,19,185,1,0,7,6,6,2,1,6,0,2024,2025-10-22T19:02:21.101146
00-0039163,C.J. Stroud,17,QB,HOU,BAL,31,17,185,0,1,3,2,4,1,1,7,0,2024,2025-10-22T19:02:21.101146
00-0036898,Davis Mills,17,QB,HOU,BAL,1,1,5,0,0,0,0,0,0,0,0,0,2024,2025-10-22T19:02:21.101146
00-0026158,Joe Flacco,17,QB,IND,NYG,38,26,330,2,2,9,6,5,0,1,1,0,2024,2025-10-22T19:02:21.101146
00-0036972,Mac Jones,17,QB,JAX,TEN,22,15,174,2,0,4,3,2,0,6,22,0,2024,2025-10-22T19:02:21.101146
00-0033873,Patrick Mahomes,17,QB,KC,PIT,38,29,320,3,0,10,5,2,0,1,12,0,2024,2025-10-22T19:02:21.101146
00-0036355,Justin Herbert,17,QB,LAC,NE,38,26,281,3,0,5,3,6,1,3,12,0,2024,2025-10-22T19:02:21.101146
00-0031800,Taylor Heinicke,17,QB,LAC,NE,2,0,0,0,0,0,0,0,0,1,8,0,2024,2025-10-22T19:02:21.101146
00-0026498,Matthew Stafford,17,QB,LAR,ARI,32,17,189,0,0,4,0,3,1,6,16,0,2024,2025-10-22T19:02:21.101146
00-0038579,Aidan O'Connell,17,QB,LV,NO,35,20,242,2,0,5,3,5,1,3,-1,0,2024,2025-10-22T19:02:21.101146
00-0035993,Tyler Huntley,17,QB,MIA,CLE,26,22,225,1,0,2,2,0,0,7,52,1,2024,2025-10-22T19:02:21.101146
00-0034869,Sam Darnold,17,QB,MIN,GB,43,33,377,3,1,5,3,5,1,3,-3,0,2024,2025-10-22T19:02:21.101146
00-0039851,Drake Maye,17,QB,NE,LAC,22,12,117,1,0,0,0,3,2,6,32,0,2024,2025-10-22T19:02:21.101146
00-0033119,Jacoby Brissett,17,QB,NE,LAC,2,1,-2,0,0,0,0,0,0,0,0,0,2024,2025-10-22T19:02:21.101146
00-0039376,Spencer Rattler,17,QB,NO,LV,36,20,218,1,2,1,0,5,0,3,46,0,2024,2025-10-22T19:02:21.101146
00-0035704,Drew Lock,17,QB,NYG,IND,23,17,309,4,0,3,2,1,0,5,0,1,2024,2025-10-22T19:02:21.101146
00-0023459,Aaron Rodgers,17,QB,NYJ,BUF,18,12,112,0,2,1,0,0,0,0,0,0,2024,2025-10-22T19:02:21.101146
00-0028118,Tyrod Taylor,17,QB,NYJ,BUF,14,11,83,2,0,4,2,0,0,2,6,0,2024,2025-10-22T19:02:21.101146
00-0038102,Kenny Pickett,17,QB,PHI,DAL,15,10,143,1,0,4,2,3,0,3,3,1,2024,2025-10-22T19:02:21.101146
00-0038400,Tanner McKee,17,QB,PHI,DAL,4,3,54,2,0,2,1,2,0,2,-2,0,2024,2025-10-22T19:02:21.101146
00-0029263,Russell Wilson,17,QB,PIT,KC,37,23,205,0,1,7,4,4,1,6,55,1,2024,2025-10-22T19:02:21.101146
00-0030565,Geno Smith,17,QB,SEA,CHI,23,17,160,0,0,1,0,2,0,3,19,0,2024,2025-10-22T19:02:21.101146
00-0037834,Brock Purdy,17,QB,SF,DET,35,27,377,3,2,4,3,4,0,3,12,1,2024,2025-10-22T19:02:21.101146
00-0033949,Joshua Dobbs,17,QB,SF,DET,4,3,35,0,0,2,1,0,0,1,7,1,2024,2025-10-22T19:02:21.101146
00-0034855,Baker Mayfield,17,QB,TB,CAR,32,27,359,5,0,10,8,4,0,1,2,0,2024,2025-10-22T19:02:21.101146
00-0036928,Kyle Trask,17,QB,TB,CAR,0,0,0,0,0,0,0,0,0,3,-2,0,2024,2025-10-22T19:02:21.101146
00-0034771,Mason Rudolph,17,QB,TEN,JAX,31,19,193,1,1,4,2,3,2,5,23,0,2024,2025-10-22T19:02:21.101146
00-0039910,Jayden Daniels,17,QB,WAS,ATL,36,24,227,3,1,8,6,2,0,16,127,0,2024,2025-10-22T19:02:21.101146
